magazine,year,month,day,_circulation,_price,type,publishing company,titles included,editor,magazine_id,type_id,circulation_for_db,price_for_db
Life,1924,1,3,139114,$0.15,,,,,0,0,139114,$0.15
Life,1924,1,10,132458,$0.15,,,,,0,0,132458,$0.15
Life,1924,1,17,129148,$0.15,,,,,0,0,129148,$0.15
Life,1924,1,24,124449,$0.15,,,,,0,0,124449,$0.15
Life,1924,1,31,132730,$0.15,,,,,0,0,132730,$0.15
Life,1924,2,7,131322,$0.15,,,,,0,0,131322,$0.15
Life,1924,2,14,131312,$0.15,,,,,0,0,131312,$0.15
Life,1924,2,21,135963,$0.15,,,,,0,0,135963,$0.15
Life,1924,2,28,128027,$0.15,,,,,0,0,128027,$0.15
Life,1924,3,6,128491,$0.15,,,,,0,0,128491,$0.15
Life,1924,3,13,139752,$0.15,,,,,0,0,139752,$0.15
Life,1924,3,20,136236,$0.15,,,,,0,0,136236,$0.15
Life,1924,3,27,136730,$0.15,,,,,0,0,136730,$0.15
Life,1924,4,3,135041,$0.15,,,,,0,0,135041,$0.15
Life,1924,4,10,135877,$0.15,,,,,0,0,135877,$0.15
Life,1924,4,17,131385,$0.15,,,,,0,0,131385,$0.15
Life,1924,4,24,132119,$0.15,,,,,0,0,132119,$0.15
Life,1924,5,1,127802,$0.15,,,,,0,0,127802,$0.15
Life,1924,5,8,128668,$0.15,,,,,0,0,128668,$0.15
Life,1924,5,15,125257,$0.15,,,,,0,0,125257,$0.15
Life,1924,5,22,125615,$0.15,,,,,0,0,125615,$0.15
Life,1924,5,29,124570,$0.15,,,,,0,0,124570,$0.15
Life,1924,6,5,122561,$0.15,,,,,0,0,127802,$0.15
Life,1924,6,12,125708,$0.15,,,,,0,0,128668,$0.15
Life,1924,6,19,124074,$0.15,,,,,0,0,125257,$0.15
Life,1924,6,26,124407,$0.15,,,,,0,0,125615,$0.15
Life,1924,7,3,120039,$0.15,,,,,0,0,124570,$0.15
Life,1924,7,10,118395,$0.15,,,,,0,0,122561,$0.15
Life,1924,7,17,117624,$0.15,,,,,0,0,125708,$0.15
Life,1924,7,24,117167,$0.15,,,,,0,0,124074,$0.15
Life,1924,7,31,122596,$0.15,,,,,0,0,124407,$0.15
Life,1924,8,7,121080,$0.15,,,,,0,0,121080,$0.15
Life,1924,8,14,126724,$0.15,,,,,0,0,126724,$0.15
Life,1924,8,21,124282,$0.15,,,,,0,0,124282,$0.15
Life,1924,8,28,132597,$0.15,,,,,0,0,132597,$0.15
Life,1924,9,4,125399,$0.15,,,,,0,0,125399,$0.15
Life,1924,9,11,127626,$0.15,,,,,0,0,127626,$0.15
Life,1924,9,18,125566,$0.15,,,,,0,0,125566,$0.15
Life,1924,9,25,127302,$0.15,,,,,0,0,127302,$0.15
Life,1924,10,2,128079,$0.15,,,,,0,0,128079,$0.15
Life,1924,10,9,129045,$0.15,,,,,0,0,129045,$0.15
Life,1924,10,16,128043,$0.15,,,,,0,0,128043,$0.15
Life,1924,10,23,128887,$0.15,,,,,0,0,128887,$0.15
Life,1924,10,30,129517,$0.15,,,,,0,0,129517,$0.15
Life,1924,11,6,135163,$0.15,,,,,0,0,135163,$0.15
Life,1924,11,13,128323,$0.15,,,,,0,0,128323,$0.15
Life,1924,11,20,126637,$0.15,,,,,0,0,126637,$0.15
Life,1924,11,27,127590,$0.15,,,,,0,0,127590,$0.15
Life,1924,12,4,133797,$0.15,,,,,0,0,133797,$0.15
Life,1924,12,11,125984,$0.15,,,,,0,0,125984,$0.15
Life,1924,12,18,125137,$0.15,,,,,0,0,125137,$0.15
Life,1924,12,25,126188,$0.15,,,,,0,0,126188,$0.15
Life,1925,1,1,129693,$0.15,,,,,0,0,129693,$0.15
Life,1925,1,8,127415,$0.15,,,,,0,0,127415,$0.15
Life,1925,1,15,120885,$0.15,,,,,0,0,120885,$0.15
Life,1925,1,22,124344,$0.15,,,,,0,0,124344,$0.15
Life,1925,1,29,129143,$0.15,,,,,0,0,129143,$0.15
Life,1925,2,5,128621,$0.15,,,,,0,0,128621,$0.15
Life,1925,2,12,125525,$0.15,,,,,0,0,125525,$0.15
Life,1925,2,19,125203,$0.15,,,,,0,0,125203,$0.15
Life,1925,2,26,126202,$0.15,,,,,0,0,126202,$0.15
Life,1925,3,5,116484,$0.15,,,,,0,0,116484,$0.15
Life,1925,3,12,128026,$0.15,,,,,0,0,128026,$0.15
Life,1925,3,19,112463,$0.15,,,,,0,0,112463,$0.15
Life,1925,3,26,117822,$0.15,,,,,0,0,117822,$0.15
Life,1925,4,2,124898,$0.15,,,,,0,0,124898,$0.15
Life,1925,4,9,119317,$0.15,,,,,0,0,119317,$0.15
Life,1925,4,16,118619,$0.15,,,,,0,0,118619,$0.15
Life,1925,4,23,126556,$0.15,,,,,0,0,126556,$0.15
Life,1925,4,30,128460,$0.15,,,,,0,0,128460,$0.15
Life,1925,5,7,125792,$0.15,,,,,0,0,125792,$0.15
Life,1925,5,14,126042,$0.15,,,,,0,0,126042,$0.15
Life,1925,5,21,125755,$0.15,,,,,0,0,125755,$0.15
Life,1925,5,28,125724,$0.15,,,,,0,0,125724,$0.15
Life,1925,6,4,125408,$0.15,,,,,0,0,125408,$0.15
Life,1925,6,11,125616,$0.15,,,,,0,0,125616,$0.15
Life,1925,6,18,125225,$0.15,,,,,0,0,125225,$0.15
Life,1925,6,25,125751,$0.15,,,,,0,0,125751,$0.15
Life,1925,7,2,126555,$0.15,,,,,0,0,126555,$0.15
Life,1925,7,9,122970,$0.15,,,,,0,0,122970,$0.15
Life,1925,7,16,123568,$0.15,,,,,0,0,123568,$0.15
Life,1925,7,23,124929,$0.15,,,,,0,0,124929,$0.15
Life,1925,7,30,131405,$0.15,,,,,0,0,131405,$0.15
Life,1925,8,6,118531,$0.15,,,,,0,0,118531,$0.15
Life,1925,8,13,131108,$0.15,,,,,0,0,131108,$0.15
Life,1925,8,20,127862,$0.15,,,,,0,0,127862,$0.15
Life,1925,8,27,134308,$0.15,,,,,0,0,134308,$0.15
Life,1925,9,3,131013,$0.15,,,,,0,0,131013,$0.15
Life,1925,9,10,134534,$0.15,,,,,0,0,134534,$0.15
Life,1925,9,17,125729,$0.15,,,,,0,0,125729,$0.15
Life,1925,9,24,122232,$0.15,,,,,0,0,122232,$0.15
Life,1925,10,1,122482,$0.15,,,,,0,0,122482,$0.15
Life,1925,10,8,120501,$0.15,,,,,0,0,120501,$0.15
Life,1925,10,15,119444,$0.15,,,,,0,0,119444,$0.15
Life,1925,10,22,120688,$0.15,,,,,0,0,120688,$0.15
Life,1925,10,29,122684,$0.15,,,,,0,0,122684,$0.15
Life,1925,11,5,121576,$0.15,,,,,0,0,121576,$0.15
Life,1925,11,12,122052,$0.15,,,,,0,0,122052,$0.15
Life,1925,11,19,122152,$0.15,,,,,0,0,122152,$0.15
Life,1925,11,26,123120,$0.15,,,,,0,0,123120,$0.15
Life,1925,12,3,126442,$0.15,,,,,0,0,126442,$0.15
Life,1925,12,10,123580,$0.15,,,,,0,0,123580,$0.15
Life,1925,12,17,122840,$0.15,,,,,0,0,122840,$0.15
Life,1925,12,24,123910,$0.15,,,,,0,0,123910,$0.15
Life,1925,12,31,124981,$0.15,,,,,0,0,124981,$0.15
Life,1926,1,7,123544,$0.15,,,,,0,0,123544,$0.15
Life,1926,1,14,123281,$0.15,,,,,0,0,123281,$0.15
Life,1926,1,21,124267,$0.15,,,,,0,0,124267,$0.15
Life,1926,1,28,125715,$0.15,,,,,0,0,125715,$0.15
Life,1926,2,4,124546,$0.15,,,,,0,0,124546,$0.15
Life,1926,2,11,129300,$0.15,,,,,0,0,129300,$0.15
Life,1926,2,18,127441,$0.15,,,,,0,0,127441,$0.15
Life,1926,2,25,126277,$0.15,,,,,0,0,126277,$0.15
Life,1926,3,4,124682,$0.15,,,,,0,0,124682,$0.15
Life,1926,3,11,122310,$0.15,,,,,0,0,122310,$0.15
Life,1926,3,18,119948,$0.15,,,,,0,0,119948,$0.15
Life,1926,3,25,124705,$0.15,,,,,0,0,124705,$0.15
Life,1926,4,1,126967,$0.15,,,,,0,0,126967,$0.15
Life,1926,4,8,127241,$0.15,,,,,0,0,127241,$0.15
Life,1926,4,15,126663,$0.15,,,,,0,0,126663,$0.15
Life,1926,4,22,126907,$0.15,,,,,0,0,126907,$0.15
Life,1926,4,29,126813,$0.15,,,,,0,0,126813,$0.15
Life,1926,5,6,127190,$0.15,,,,,0,0,127190,$0.15
Life,1926,5,13,128073,$0.15,,,,,0,0,128073,$0.15
Life,1926,5,20,128752,$0.15,,,,,0,0,128752,$0.15
Life,1926,5,27,130170,$0.15,,,,,0,0,130170,$0.15
Life,1926,6,3,130456,$0.15,,,,,0,0,130456,$0.15
Life,1926,6,10,131852,$0.15,,,,,0,0,131852,$0.15
Life,1926,6,17,131903,$0.15,,,,,0,0,131903,$0.15
Life,1926,6,24,133398,$0.15,,,,,0,0,133398,$0.15
Life,1926,7,1,140185,$0.15,,,,,0,0,140185,$0.15
Life,1926,7,8,133986,$0.15,,,,,0,0,133986,$0.15
Life,1926,7,15,134568,$0.15,,,,,0,0,134568,$0.15
Life,1926,7,22,133508,$0.15,,,,,0,0,133508,$0.15
Life,1926,7,29,143569,$0.15,,,,,0,0,143569,$0.15
Life,1926,8,5,137197,$0.15,,,,,0,0,137197,$0.15
Life,1926,8,12,142333,$0.15,,,,,0,0,142333,$0.15
Life,1926,8,19,146154,$0.15,,,,,0,0,146154,$0.15
Life,1926,8,26,146879,$0.15,,,,,0,0,146879,$0.15
Life,1926,9,2,143345,$0.15,,,,,0,0,143345,$0.15
Life,1926,9,9,139785,$0.15,,,,,0,0,139785,$0.15
Life,1926,9,16,139003,$0.15,,,,,0,0,139003,$0.15
Life,1926,9,23,137762,$0.15,,,,,0,0,137762,$0.15
Life,1926,9,30,146629,$0.15,,,,,0,0,146629,$0.15
Life,1926,10,7,141324,$0.15,,,,,0,0,141324,$0.15
Life,1926,10,14,131861,$0.15,,,,,0,0,131861,$0.15
Life,1926,10,21,137570,$0.15,,,,,0,0,137570,$0.15
Life,1926,10,28,134521,$0.15,,,,,0,0,134521,$0.15
Life,1926,11,4,139344,$0.15,,,,,0,0,139344,$0.15
Life,1926,11,11,143968,$0.15,,,,,0,0,143968,$0.15
Life,1926,11,18,135351,$0.15,,,,,0,0,135351,$0.15
Life,1926,11,25,139358,$0.15,,,,,0,0,139358,$0.15
Life,1926,12,2,157494,$0.15,,,,,0,0,157494,$0.15
Life,1926,12,9,135575,$0.15,,,,,0,0,135575,$0.15
Life,1926,12,16,134789,$0.15,,,,,0,0,134789,$0.15
Life,1926,12,23,135527,$0.15,,,,,0,0,135527,$0.15
Life,1926,12,30,141802,$0.15,,,,,0,0,141802,$0.15
Life,1927,1,6,147162,$0.15,,,,,0,0,147162,$0.15
Life,1927,1,13,151974,$0.15,,,,,0,0,151974,$0.15
Life,1927,1,20,152474,$0.15,,,,,0,0,152474,$0.15
Life,1927,1,27,148084,$0.15,,,,,0,0,148084,$0.15
Life,1927,2,3,156435,$0.15,,,,,0,0,156435,$0.15
Life,1927,2,10,157047,$0.15,,,,,0,0,157047,$0.15
Life,1927,2,17,149534,$0.15,,,,,0,0,149534,$0.15
Life,1927,2,24,154221,$0.15,,,,,0,0,154221,$0.15
Life,1927,3,3,149884,$0.15,,,,,0,0,149884,$0.15
Life,1927,3,10,148830,$0.15,,,,,0,0,148830,$0.15
Life,1927,3,17,160439,$0.15,,,,,0,0,160439,$0.15
Life,1927,3,24,149260,$0.15,,,,,0,0,149260,$0.15
Life,1927,3,31,143406,$0.15,,,,,0,0,143406,$0.15
Life,1927,4,7,142554,$0.15,,,,,0,0,142554,$0.15
Life,1927,4,14,142657,$0.15,,,,,0,0,142657,$0.15
Life,1927,4,21,143004,$0.15,,,,,0,0,143004,$0.15
Life,1927,4,28,143998,$0.15,,,,,0,0,143998,$0.15
Life,1927,5,5,143403,$0.15,,,,,0,0,143403,$0.15
Life,1927,5,12,144052,$0.15,,,,,0,0,144052,$0.15
Life,1927,5,19,144071,$0.15,,,,,0,0,144071,$0.15
Life,1927,5,26,145131,$0.15,,,,,0,0,145131,$0.15
Life,1927,6,2,144363,$0.15,,,,,0,0,144363,$0.15
Life,1927,6,9,145652,$0.15,,,,,0,0,145652,$0.15
Life,1927,6,16,142608,$0.15,,,,,0,0,142608,$0.15
Life,1927,6,23,147191,$0.15,,,,,0,0,147191,$0.15
Life,1927,6,30,145448,$0.15,,,,,0,0,145448,$0.15
Life,1927,7,7,149477,$0.15,,,,,0,0,149477,$0.15
Life,1927,7,14,148488,$0.15,,,,,0,0,148488,$0.15
Life,1927,7,21,148163,$0.15,,,,,0,0,148163,$0.15
Life,1927,7,28,147238,$0.15,,,,,0,0,147238,$0.15
Life,1927,8,4,153550,$0.15,,,,,0,0,153550,$0.15
Life,1927,8,11,147287,$0.15,,,,,0,0,147287,$0.15
Life,1927,8,18,153667,$0.15,,,,,0,0,153667,$0.15
Life,1927,8,25,151806,$0.15,,,,,0,0,151806,$0.15
Life,1927,9,1,155556,$0.15,,,,,0,0,155556,$0.15
Life,1927,9,8,158645,$0.15,,,,,0,0,158645,$0.15
Life,1927,9,15,153125,$0.15,,,,,0,0,153125,$0.15
Life,1927,9,22,142372,$0.15,,,,,0,0,142372,$0.15
Life,1927,9,29,144446,$0.15,,,,,0,0,144446,$0.15
Life,1927,10,6,147263,$0.15,,,,,0,0,147263,$0.15
Life,1927,10,13,146760,$0.15,,,,,0,0,146760,$0.15
Life,1927,10,20,148270,$0.15,,,,,0,0,148270,$0.15
Life,1927,10,27,148663,$0.15,,,,,0,0,148663,$0.15
Life,1927,11,3,150459,$0.15,,,,,0,0,150459,$0.15
Life,1927,11,10,149203,$0.15,,,,,0,0,149203,$0.15
Life,1927,11,17,150758,$0.15,,,,,0,0,150758,$0.15
Life,1927,11,24,149648,$0.15,,,,,0,0,149648,$0.15
Life,1927,12,1,160833,$0.15,,,,,0,0,160833,$0.15
Life,1927,12,8,149609,$0.15,,,,,0,0,149609,$0.15
Life,1927,12,15,148293,$0.15,,,,,0,0,148293,$0.15
Life,1927,12,22,150846,$0.15,,,,,0,0,150846,$0.15
Life,1927,12,29,150565,$0.15,,,,,0,0,150565,$0.15
Life,1928,1,5,144852,$0.15,,,,,0,0,144852,$0.15
Life,1928,1,12,145362,$0.15,,,,,0,0,145362,$0.15
Life,1928,1,19,142880,$0.15,,,,,0,0,142880,$0.15
Life,1928,1,26,152031,$0.15,,,,,0,0,152031,$0.15
Life,1928,2,2,154420,$0.15,,,,,0,0,154420,$0.15
Life,1928,2,9,139212,$0.15,,,,,0,0,139212,$0.15
Life,1928,2,16,144205,$0.15,,,,,0,0,144205,$0.15
Life,1928,2,23,142934,$0.15,,,,,0,0,142934,$0.15
Life,1928,3,1,134157,$0.15,,,,,0,0,134157,$0.15
Life,1928,3,8,149731,$0.15,,,,,0,0,149731,$0.15
Life,1928,3,15,132708,$0.15,,,,,0,0,132708,$0.15
Life,1928,3,22,139149,$0.15,,,,,0,0,139149,$0.15
Life,1928,3,29,137469,$0.15,,,,,0,0,137469,$0.15
Life,1928,4,5,145101,$0.15,,,,,0,0,145101,$0.15
Life,1928,4,12,143272,$0.15,,,,,0,0,143272,$0.15
Life,1928,4,19,141409,$0.15,,,,,0,0,141409,$0.15
Life,1928,4,26,139629,$0.15,,,,,0,0,139629,$0.15
Life,1928,5,3,141255,$0.15,,,,,0,0,141255,$0.15
Life,1928,5,10,150688,$0.15,,,,,0,0,150688,$0.15
Life,1928,5,17,148555,$0.15,,,,,0,0,148555,$0.15
Life,1928,5,24,147996,$0.15,,,,,0,0,147996,$0.15
Life,1928,5,31,148186,$0.15,,,,,0,0,148186,$0.15
Life,1928,6,7,146391,$0.15,,,,,0,0,146391,$0.15
Life,1928,6,14,146180,$0.15,,,,,0,0,146180,$0.15
Life,1928,6,21,152468,$0.15,,,,,0,0,152468,$0.15
Life,1928,6,28,151990,$0.15,,,,,0,0,151990,$0.15
Life,1928,7,5,,$0.15,,,,,0,0,-1,$0.15
Life,1928,7,12,,$0.15,,,,,0,0,-1,$0.15
Life,1928,7,19,,$0.15,,,,,0,0,-1,$0.15
Life,1928,7,26,,$0.15,,,,,0,0,-1,$0.15
Life,1928,8,2,,$0.15,,,,,0,0,-1,$0.15
Life,1928,8,9,,$0.15,,,,,0,0,-1,$0.15
Life,1928,8,16,,$0.15,,,,,0,0,-1,$0.15
Life,1928,8,23,,$0.15,,,,,0,0,-1,$0.15
Life,1928,8,30,,$0.15,,,,,0,0,-1,$0.15
Life,1928,9,6,,$0.15,,,,,0,0,-1,$0.15
Life,1928,9,13,,$0.15,,,,,0,0,-1,$0.15
Life,1928,9,20,,$0.15,,,,,0,0,-1,$0.15
Life,1928,9,27,,$0.15,,,,,0,0,-1,$0.15
Life,1928,10,4,,$0.15,,,,,0,0,-1,$0.15
Life,1928,10,11,,$0.15,,,,,0,0,-1,$0.15
Life,1928,10,18,,$0.15,,,,,0,0,-1,$0.15
Life,1928,10,25,,$0.15,,,,,0,0,-1,$0.15
Life,1928,11,1,,$0.15,,,,,0,0,-1,$0.15
Life,1928,11,8,,$0.15,,,,,0,0,-1,$0.15
Life,1928,11,15,,$0.15,,,,,0,0,-1,$0.15
Life,1928,11,22,,$0.15,,,,,0,0,-1,$0.15
Life,1928,11,29,,$0.15,,,,,0,0,-1,$0.15
Life,1928,12,6,,$0.15,,,,,0,0,-1,$0.15
Life,1928,12,13,,$0.15,,,,,0,0,-1,$0.15
Life,1928,12,20,,$0.15,,,,,0,0,-1,$0.15
Life,1928,12,27,,$0.15,,,,,0,0,-1,$0.15
Life,1929,1,3,,$0.15,,,,,0,0,-1,$0.15
Life,1929,1,10,,$0.15,,,,,0,0,-1,$0.15
Life,1929,1,17,,$0.15,,,,,0,0,-1,$0.15
Life,1929,1,24,,$0.15,,,,,0,0,-1,$0.15
Life,1929,1,31,,$0.15,,,,,0,0,-1,$0.15
Life,1929,2,7,,$0.15,,,,,0,0,-1,$0.15
Life,1929,2,14,,$0.15,,,,,0,0,-1,$0.15
Life,1929,2,21,,$0.15,,,,,0,0,-1,$0.15
Life,1929,2,28,,$0.15,,,,,0,0,-1,$0.15
Life,1929,3,7,,$0.15,,,,,0,0,-1,$0.15
Life,1929,3,14,,$0.15,,,,,0,0,-1,$0.15
Life,1929,3,21,,$0.15,,,,,0,0,-1,$0.15
Life,1929,3,28,,$0.15,,,,,0,0,-1,$0.15
Life,1929,4,4,,$0.15,,,,,0,0,-1,$0.15
Life,1929,4,11,,$0.15,,,,,0,0,-1,$0.15
Life,1929,4,18,,$0.15,,,,,0,0,-1,$0.15
Life,1929,4,25,,$0.15,,,,,0,0,-1,$0.15
Life,1929,5,2,,$0.15,,,,,0,0,-1,$0.15
Life,1929,5,9,,$0.15,,,,,0,0,-1,$0.15
Life,1929,5,16,,$0.15,,,,,0,0,-1,$0.15
Life,1929,5,23,,$0.15,,,,,0,0,-1,$0.15
Life,1929,5,30,,$0.15,,,,,0,0,-1,$0.15
Life,1929,6,6,,$0.15,,,,,0,0,-1,$0.15
Life,1929,6,13,,$0.15,,,,,0,0,-1,$0.15
Life,1929,6,20,,$0.15,,,,,0,0,-1,$0.15
Life,1929,6,27,,$0.15,,,,,0,0,-1,$0.15
Life,1929,7,5,141957,$0.15,,,,,0,0,141957,$0.15
Life,1929,7,12,137094,$0.15,,,,,0,0,137094,$0.15
Life,1929,7,19,145854,$0.15,,,,,0,0,145854,$0.15
Life,1929,7,26,137893,$0.15,,,,,0,0,137893,$0.15
Life,1929,8,2,143648,$0.15,,,,,0,0,143648,$0.15
Life,1929,8,9,139877,$0.15,,,,,0,0,139877,$0.15
Life,1929,8,16,147326,$0.15,,,,,0,0,147326,$0.15
Life,1929,8,23,145323,$0.15,,,,,0,0,145323,$0.15
Life,1929,8,30,141735,$0.15,,,,,0,0,141735,$0.15
Life,1929,9,6,134392,$0.15,,,,,0,0,134392,$0.15
Life,1929,9,13,140499,$0.15,,,,,0,0,140499,$0.15
Life,1929,9,20,134923,$0.15,,,,,0,0,134923,$0.15
Life,1929,9,27,133681,$0.15,,,,,0,0,133681,$0.15
Life,1929,10,4,135684,$0.15,,,,,0,0,135684,$0.15
Life,1929,10,11,135155,$0.15,,,,,0,0,135155,$0.15
Life,1929,10,18,135873,$0.15,,,,,0,0,135873,$0.15
Life,1929,10,25,136641,$0.15,,,,,0,0,136641,$0.15
Life,1929,11,1,134268,$0.15,,,,,0,0,134268,$0.15
Life,1929,11,8,134551,$0.15,,,,,0,0,134551,$0.15
Life,1929,11,15,133400,$0.15,,,,,0,0,133400,$0.15
Life,1929,11,22,134153,$0.15,,,,,0,0,134153,$0.15
Life,1929,11,29,134531,$0.15,,,,,0,0,134531,$0.15
Life,1929,12,6,144579,$0.15,,,,,0,0,144579,$0.15
Life,1929,12,13,133454,$0.15,,,,,0,0,133454,$0.15
Life,1929,12,20,132905,$0.15,,,,,0,0,132905,$0.15
Life,1929,12,27,133494,$0.15,,,,,0,0,133494,$0.15
Life,1930,1,3,130621,$0.15,,,,,0,0,130621,$0.15
Life,1930,1,10,125477,$0.15,,,,,0,0,125477,$0.15
Life,1930,1,17,124306,$0.15,,,,,0,0,124306,$0.15
Life,1930,1,24,124146,$0.15,,,,,0,0,124146,$0.15
Life,1930,1,31,131527,$0.15,,,,,0,0,131527,$0.15
Life,1930,2,7,123315,$0.15,,,,,0,0,123315,$0.15
Life,1930,2,14,123066,$0.15,,,,,0,0,123066,$0.15
Life,1930,2,21,120292,$0.15,,,,,0,0,120292,$0.15
Life,1930,2,28,115994,$0.15,,,,,0,0,115994,$0.15
Life,1930,3,7,125877,$0.15,,,,,0,0,125877,$0.15
Life,1930,3,14,124233,$0.15,,,,,0,0,124233,$0.15
Life,1930,3,21,123474,$0.15,,,,,0,0,123474,$0.15
Life,1930,3,28,124049,$0.15,,,,,0,0,123474,$0.15
Life,1930,4,4,123445,$0.15,,,,,0,0,123445,$0.15
Life,1930,4,11,123922,$0.15,,,,,0,0,123922,$0.15
Life,1930,4,18,123337,$0.15,,,,,0,0,123337,$0.15
Life,1930,4,25,123791,$0.15,,,,,0,0,123791,$0.15
Life,1930,5,2,123295,$0.15,,,,,0,0,123295,$0.15
Life,1930,5,9,121021,$0.15,,,,,0,0,121021,$0.15
Life,1930,5,16,120978,$0.15,,,,,0,0,120978,$0.15
Life,1930,5,23,120185,$0.15,,,,,0,0,120185,$0.15
Life,1930,5,30,118136,$0.15,,,,,0,0,118136,$0.15
Life,1930,6,6,116961,$0.15,,,,,0,0,116961,$0.15
Life,1930,6,13,117157,$0.15,,,,,0,0,117157,$0.15
Life,1930,6,20,117203,$0.15,,,,,0,0,117203,$0.15
Life,1930,6,27,116516,$0.15,,,,,0,0,116516,$0.15
Life,1930,7,4,111395,$0.15,,,,,0,0,111395,$0.15
Life,1930,7,11,110340,$0.15,,,,,0,0,110340,$0.15
Life,1930,7,18,108383,$0.15,,,,,0,0,108383,$0.15
Life,1930,7,25,106057,$0.15,,,,,0,0,106057,$0.15
Life,1930,8,1,107951,$0.15,,,,,0,0,107951,$0.15
Life,1930,8,8,108124,$0.15,,,,,0,0,108124,$0.15
Life,1930,8,15,109136,$0.15,,,,,0,0,109136,$0.15
Life,1930,8,22,106158,$0.15,,,,,0,0,106158,$0.15
Life,1930,8,29,113293,$0.15,,,,,0,0,113293,$0.15
Life,1930,9,5,109856,$0.15,,,,,0,0,109856,$0.15
Life,1930,9,12,104474,$0.15,,,,,0,0,104474,$0.15
Life,1930,9,19,102162,$0.15,,,,,0,0,102162,$0.15
Life,1930,9,26,102827,$0.15,,,,,0,0,102827,$0.15
Life,1930,10,3,105709,$0.15,,,,,0,0,105709,$0.15
Life,1930,10,10,105387,$0.15,,,,,0,0,105387,$0.15
Life,1930,10,17,108030,$0.15,,,,,0,0,108030,$0.15
Life,1930,10,24,111399,$0.15,,,,,0,0,111399,$0.15
Life,1930,10,31,111332,$0.15,,,,,0,0,111332,$0.15
Life,1930,11,7,110642,$0.15,,,,,0,0,110642,$0.15
Life,1930,11,14,111150,$0.15,,,,,0,0,111150,$0.15
Life,1930,11,21,110352,$0.15,,,,,0,0,110352,$0.15
Life,1930,11,28,111237,$0.15,,,,,0,0,111237,$0.15
Life,1930,12,5,122902,$0.15,,,,,0,0,122902,$0.15
Life,1930,12,12,107698,$0.15,,,,,0,0,107698,$0.15
Life,1930,12,19,106610,$0.15,,,,,0,0,106610,$0.15
Life,1930,12,26,106978,$0.15,,,,,0,0,106978,$0.15
Life,1931,1,2,103838,$0.15,,,,,0,0,103838,$0.15
Life,1931,1,9,102405,$0.15,,,,,0,0,102405,$0.15
Life,1931,1,16,100495,$0.15,,,,,0,0,100495,$0.15
Life,1931,1,23,97868,$0.15,,,,,0,0,97868,$0.15
Life,1931,1,30,99471,$0.15,,,,,0,0,99471,$0.15
Life,1931,2,6,97413,$0.15,,,,,0,0,97413,$0.15
Life,1931,2,13,99032,$0.15,,,,,0,0,99032,$0.15
Life,1931,2,20,101344,$0.15,,,,,0,0,101344,$0.15
Life,1931,2,27,92608,$0.15,,,,,0,0,92608,$0.15
Life,1931,3,6,98461,$0.15,,,,,0,0,98461,$0.15
Life,1931,3,13,95084,$0.15,,,,,0,0,95084,$0.15
Life,1931,3,20,94782,$0.15,,,,,0,0,94782,$0.15
Life,1931,3,27,101898,$0.15,,,,,0,0,101898,$0.15
Life,1931,4,3,101905,$0.15,,,,,0,0,101905,$0.15
Life,1931,4,10,102194,$0.15,,,,,0,0,102194,$0.15
Life,1931,4,17,101793,$0.15,,,,,0,0,101793,$0.15
Life,1931,4,24,101782,$0.15,,,,,0,0,101782,$0.15
Life,1931,5,1,101271,$0.15,,,,,0,0,101271,$0.15
Life,1931,5,8,101483,$0.15,,,,,0,0,101483,$0.15
Life,1931,5,15,101122,$0.15,,,,,0,0,101122,$0.15
Life,1931,5,22,101400,$0.15,,,,,0,0,101400,$0.15
Life,1931,5,29,101438,$0.15,,,,,0,0,101438,$0.15
Life,1931,6,5,100692,$0.15,,,,,0,0,100692,$0.15
Life,1931,6,12,100887,$0.15,,,,,0,0,100887,$0.15
Life,1931,6,19,100475,$0.15,,,,,0,0,100475,$0.15
Life,1931,6,26,100674,$0.15,,,,,0,0,100674,$0.15
Life,1931,7,3,90167,$0.15,,,,,0,0,90167,$0.15
Life,1931,7,10,85612,$0.15,,,,,0,0,85612,$0.15
Life,1931,7,17,89122,$0.15,,,,,0,0,89122,$0.15
Life,1931,7,24,95610,$0.15,,,,,0,0,95610,$0.15
Life,1931,7,31,96885,$0.15,,,,,0,0,96885,$0.15
Life,1931,8,7,90564,$0.15,,,,,0,0,90564,$0.15
Life,1931,8,14,92545,$0.15,,,,,0,0,92545,$0.15
Life,1931,8,21,96621,$0.15,,,,,0,0,96621,$0.15
Life,1931,8,28,98916,$0.15,,,,,0,0,98916,$0.15
Life,1931,9,4,97223,$0.15,,,,,0,0,97223,$0.15
Life,1931,9,11,91873,$0.15,,,,,0,0,91873,$0.15
Life,1931,9,18,87681,$0.15,,,,,0,0,87681,$0.15
Life,1931,9,25,84730,$0.15,,,,,0,0,84730,$0.15
Life,1931,10,2,81717,$0.15,,,,,0,0,81717,$0.15
Life,1931,10,9,84413,$0.15,,,,,0,0,84413,$0.15
Life,1931,10,16,87366,$0.15,,,,,0,0,87366,$0.15
Life,1931,10,23,83019,$0.15,,,,,0,0,83019,$0.15
Life,1931,10,30,89557,$0.15,,,,,0,0,89557,$0.15
Life,1931,11,6,88671,$0.15,,,,,0,0,88671,$0.15
Life,1931,11,13,89098,$0.15,,,,,0,0,89098,$0.15
Life,1931,11,20,89115,$0.15,,,,,0,0,89115,$0.15
Life,1931,11,27,89043,$0.15,,,,,0,0,89043,$0.15
Life,1931,12,,115671,$0.15,,,,,0,0,115671,$0.15
Life,1932,1,,121597,$0.15,,,,,0,0,121597,$0.15
Life,1932,2,,124964,$0.15,,,,,0,0,124964,$0.15
Life,1932,3,,106578,$0.15,,,,,0,0,106578,$0.15
Life,1932,4,,105667,$0.15,,,,,0,0,105667,$0.15
Life,1932,5,,100875,$0.15,,,,,0,0,100875,$0.15
Life,1932,6,,100038,$0.15,,,,,0,0,100038,$0.15
Life,1932,7,,97509,$0.15,,,,,0,0,97509,$0.15
Life,1932,8,,95398,$0.15,,,,,0,0,95398,$0.15
Life,1932,9,,99561,$0.15,,,,,0,0,99561,$0.15
Life,1932,10,,87190,$0.15,,,,,0,0,87190,$0.15
Life,1932,11,,88851,$0.15,,,,,0,0,88851,$0.15
Life,1932,12,,98957,$0.15,,,,,0,0,98957,$0.15
Life,1933,1,,,$0.15,,,,,0,0,-1,$0.15
Life,1933,2,,,$0.15,,,,,0,0,-1,$0.15
Life,1933,3,,,$0.15,,,,,0,0,-1,$0.15
Life,1933,4,,,$0.15,,,,,0,0,-1,$0.15
Life,1933,5,,,$0.15,,,,,0,0,-1,$0.15
Life,1933,6,,,$0.15,,,,,0,0,-1,$0.15
Life,1933,7,,79461,$0.15,,,,,0,0,79461,$0.15
Life,1933,8,,85080,$0.15,,,,,0,0,85080,$0.15
Life,1933,9,,90897,$0.15,,,,,0,0,90897,$0.15
Life,1933,10,,83388,$0.15,,,,,0,0,83388,$0.15
Life,1933,11,,83462,$0.15,,,,,0,0,83462,$0.15
Life,1933,12,,90865,$0.15,,,,,0,0,90865,$0.15
Life,1934,1,,85265,$0.15,,,,,0,0,85265,$0.15
Life,1934,2,,90315,$0.15,,,,,0,0,90315,$0.15
Life,1934,3,,92246,$0.15,,,,,0,0,92246,$0.15
Life,1934,4,,94265,$0.15,,,,,0,0,94265,$0.15
Life,1934,5,,94420,$0.15,,,,,0,0,94420,$0.15
Life,1934,6,,100412,$0.15,,,,,0,0,100412,$0.15
Life,1934,7,,103501,$0.15,,,,,0,0,103501,$0.15
Life,1934,8,,109239,$0.15,,,,,0,0,109239,$0.15
Life,1934,9,,117308,$0.15,,,,,0,0,117308,$0.15
Life,1934,10,,106589,$0.15,,,,,0,0,106589,$0.15
Life,1934,11,,109836,$0.15,,,,,0,0,109836,$0.15
Life,1934,12,,113803,$0.15,,,,,0,0,113803,$0.15
Life,1935,1,,119768,$0.15,,,,,0,0,119768,$0.15
Life,1935,2,,114697,$0.15,,,,,0,0,114697,$0.15
Life,1935,3,,119212,$0.15,,,,,0,0,119212,$0.15
Life,1935,4,,116439,$0.15,,,,,0,0,116439,$0.15
Life,1935,5,,115632,$0.15,,,,,0,0,115632,$0.15
Life,1935,6,,115323,$0.15,,,,,0,0,115323,$0.15
Life,1935,7,,114501,$0.15,,,,,0,0,114501,$0.15
Life,1935,8,,120143,$0.15,,,,,0,0,120143,$0.15
Life,1935,9,,121454,$0.15,,,,,0,0,121454,$0.15
Life,1935,10,,118501,$0.15,,,,,0,0,118501,$0.15
Life,1935,11,,123571,$0.15,,,,,0,0,123571,$0.15
Life,1935,12,,121944,$0.15,,,,,0,0,121944,$0.15
Life,1936,1,,126613,$0.15,,,,,0,0,126613,$0.15
Life,1936,2,,128943,$0.15,,,,,0,0,128943,$0.15
Life,1936,3,,126186,$0.15,,,,,0,0,126186,$0.15
Life,1936,4,,124924,$0.15,,,,,0,0,124924,$0.15
Life,1936,5,,125132,$0.15,,,,,0,0,125132,$0.15
Life,1936,6,,122189,$0.15,,,,,0,0,122189,$0.15
Life,1936,7,,,$0.15,,,,,0,0,-1,$0.15
Life,1936,8,,,$0.15,,,,,0,0,-1,$0.15
Life,1936,9,,,$0.15,,,,,0,0,-1,$0.15
Life,1936,10,,,$0.15,,,,,0,0,-1,$0.15
Life,1936,11,23,,$0.10,,,,,0,0,-1,$0.10
Life,1936,11,30,,$0.10,,,,,0,0,-1,$0.10
Life,1936,11,,,$0.15,,,,,0,0,-1,$0.15
Life,1936,12,7,,$0.10,,,,,0,0,-1,$0.10
Life,1936,12,14,,$0.10,,,,,0,0,-1,$0.10
Life,1936,12,21,,$0.10,,,,,0,0,-1,$0.10
Life,1936,12,28,,$0.10,,,,,0,0,-1,$0.10
Life,1937,1,4,669138,$0.10,,,,,0,0,669138,$0.10
Life,1937,1,11,708678,$0.10,,,,,0,0,708678,$0.10
Life,1937,1,18,732477,$0.10,,,,,0,0,732477,$0.10
Life,1937,1,25,760147,$0.10,,,,,0,0,760147,$0.10
Life,1937,2,1,793985,$0.10,,,,,0,0,793985,$0.10
Life,1937,2,8,885313,$0.10,,,,,0,0,885313,$0.10
Life,1937,2,15,901564,$0.10,,,,,0,0,901564,$0.10
Life,1937,2,22,931676,$0.10,,,,,0,0,931676,$0.10
Life,1937,3,1,968154,$0.10,,,,,0,0,968154,$0.10
Life,1937,3,8,1010115,$0.10,,,,,0,0,1010115,$0.10
Life,1937,3,15,1033495,$0.10,,,,,0,0,1033495,$0.10
Life,1937,3,22,1062652,$0.10,,,,,0,0,1062652,$0.10
Life,1937,3,29,1087265,$0.10,,,,,0,0,1087265,$0.10
Life,1937,4,5,1092433,$0.10,,,,,0,0,1092433,$0.10
Life,1937,4,12,1100782,$0.10,,,,,0,0,1100782,$0.10
Life,1937,4,19,1106108,$0.10,,,,,0,0,1106108,$0.10
Life,1937,4,26,1112284,$0.10,,,,,0,0,1112284,$0.10
Life,1937,5,3,1121835,$0.10,,,,,0,0,1121835,$0.10
Life,1937,5,10,1118690,$0.10,,,,,0,0,1118690,$0.10
Life,1937,5,17,1121522,$0.10,,,,,0,0,1121522,$0.10
Life,1937,5,24,1129997,$0.10,,,,,0,0,1129997,$0.10
Life,1937,5,31,1132682,$0.10,,,,,0,0,1132682,$0.10
Life,1937,6,7,1144260,$0.10,,,,,0,0,1144260,$0.10
Life,1937,6,14,1140411,$0.10,,,,,0,0,1140411,$0.10
Life,1937,6,21,1141843,$0.10,,,,,0,0,1141843,$0.10
Life,1937,6,28,1145768,$0.10,,,,,0,0,1145768,$0.10
Life,1937,7,5,1150646,$0.10,,,,,0,0,1150646,$0.10
Life,1937,7,12,1161419,$0.10,,,,,0,0,1161419,$0.10
Life,1937,7,19,1179251,$0.10,,,,,0,0,1179251,$0.10
Life,1937,7,26,1188988,$0.10,,,,,0,0,1188988,$0.10
Life,1937,8,2,1197456,$0.10,,,,,0,0,1197456,$0.10
Life,1937,8,9,1196140,$0.10,,,,,0,0,1196140,$0.10
Life,1937,8,16,1214255,$0.10,,,,,0,0,1214255,$0.10
Life,1937,8,23,1208839,$0.10,,,,,0,0,1208839,$0.10
Life,1937,8,30,1256704,$0.10,,,,,0,0,1256704,$0.10
Life,1937,9,6,1264952,$0.10,,,,,0,0,1264952,$0.10
Life,1937,9,13,1308611,$0.10,,,,,0,0,1308611,$0.10
Life,1937,9,20,1340338,$0.10,,,,,0,0,1340338,$0.10
Life,1937,9,27,1379009,$0.10,,,,,0,0,1379009,$0.10
Life,1937,10,4,1399568,$0.10,,,,,0,0,1399568,$0.10
Life,1937,10,11,1420369,$0.10,,,,,0,0,1420369,$0.10
Life,1937,10,18,1443738,$0.10,,,,,0,0,1443738,$0.10
Life,1937,10,25,1462929,$0.10,,,,,0,0,1462929,$0.10
Life,1937,11,1,1488974,$0.10,,,,,0,0,1488974,$0.10
Life,1937,11,8,1506284,$0.10,,,,,0,0,1506284,$0.10
Life,1937,11,15,1526317,$0.10,,,,,0,0,1526317,$0.10
Life,1937,11,22,1575501,$0.10,,,,,0,0,1575501,$0.10
Life,1937,11,29,1576994,$0.10,,,,,0,0,1576994,$0.10
Life,1937,12,6,1595209,$0.10,,,,,0,0,1595209,$0.10
Life,1937,12,13,1612816,$0.10,,,,,0,0,1612816,$0.10
Life,1937,12,20,1625560,$0.10,,,,,0,0,1625560,$0.10
Life,1937,12,27,1716354,$0.10,,,,,0,0,1716354,$0.10
Life,1938,1,3,1813080,$0.10,,,,,0,0,1813080,$0.10
Life,1938,1,10,1773886,$0.10,,,,,0,0,1773886,$0.10
Life,1938,1,17,1777659,$0.10,,,,,0,0,1777659,$0.10
Life,1938,1,24,1791286,$0.10,,,,,0,0,1791286,$0.10
Life,1938,1,31,1801884,$0.10,,,,,0,0,1801884,$0.10
Life,1938,2,7,1811846,$0.10,,,,,0,0,1811846,$0.10
Life,1938,2,14,1858437,$0.10,,,,,0,0,1858437,$0.10
Life,1938,2,21,1878203,$0.10,,,,,0,0,1878203,$0.10
Life,1938,2,28,1895365,$0.10,,,,,0,0,1895365,$0.10
Life,1938,3,7,1903366,$0.10,,,,,0,0,1903366,$0.10
Life,1938,3,14,1876250,$0.10,,,,,0,0,1876250,$0.10
Life,1938,3,21,1858518,$0.10,,,,,0,0,1858518,$0.10
Life,1938,3,28,1917850,$0.10,,,,,0,0,1917850,$0.10
Life,1938,4,4,1947755,$0.10,,,,,0,0,1947755,$0.10
Life,1938,4,11,2014786,$0.10,,,,,0,0,2014786,$0.10
Life,1938,4,18,1958062,$0.10,,,,,0,0,1958062,$0.10
Life,1938,4,25,1874885,$0.10,,,,,0,0,1874885,$0.10
Life,1938,5,2,1889454,$0.10,,,,,0,0,1889454,$0.10
Life,1938,5,9,1947184,$0.10,,,,,0,0,1947184,$0.10
Life,1938,5,16,1928859,$0.10,,,,,0,0,1928859,$0.10
Life,1938,5,23,1975246,$0.10,,,,,0,0,1975246,$0.10
Life,1938,5,30,1922306,$0.10,,,,,0,0,1922306,$0.10
Life,1938,6,6,1974714,$0.10,,,,,0,0,1974714,$0.10
Life,1938,6,13,1904447,$0.10,,,,,0,0,1904447,$0.10
Life,1938,6,20,1934068,$0.10,,,,,0,0,1934068,$0.10
Life,1938,6,27,1956146,$0.10,,,,,0,0,1956146,$0.10
Life,1938,7,4,1953815,$0.10,,,,,0,0,1953815,$0.10
Life,1938,7,11,1917577,$0.10,,,,,0,0,1917577,$0.10
Life,1938,7,18,2016243,$0.10,,,,,0,0,2016243,$0.10
Life,1938,7,25,1998852,$0.10,,,,,0,0,1998852,$0.10
Life,1938,8,1,1980700,$0.10,,,,,0,0,1980700,$0.10
Life,1938,8,8,2006083,$0.10,,,,,0,0,2006083,$0.10
Life,1938,8,15,1946153,$0.10,,,,,0,0,1946153,$0.10
Life,1938,8,22,2078418,$0.10,,,,,0,0,2078418,$0.10
Life,1938,8,29,2067346,$0.10,,,,,0,0,2067346,$0.10
Life,1938,9,5,2097451,$0.10,,,,,0,0,2097451,$0.10
Life,1938,9,12,2073325,$0.10,,,,,0,0,2073325,$0.10
Life,1938,9,19,2098492,$0.10,,,,,0,0,2098492,$0.10
Life,1938,9,26,2179773,$0.10,,,,,0,0,2179773,$0.10
Life,1938,10,3,2283935,$0.10,,,,,0,0,2283935,$0.10
Life,1938,10,10,2248652,$0.10,,,,,0,0,2248652,$0.10
Life,1938,10,17,2235036,$0.10,,,,,0,0,2235036,$0.10
Life,1938,10,24,2196490,$0.10,,,,,0,0,2196490,$0.10
Life,1938,10,31,2204926,$0.10,,,,,0,0,2204926,$0.10
Life,1938,11,7,2163088,$0.10,,,,,0,0,2163088,$0.10
Life,1938,11,14,2276968,$0.10,,,,,0,0,2276968,$0.10
Life,1938,11,21,2262164,$0.10,,,,,0,0,2262164,$0.10
Life,1938,11,28,2233016,$0.10,,,,,0,0,2233016,$0.10
Life,1938,12,5,2273707,$0.10,,,,,0,0,2273707,$0.10
Life,1938,12,12,2214915,$0.10,,,,,0,0,2214915,$0.10
Life,1938,12,19,2216358,$0.10,,,,,0,0,2216358,$0.10
Life,1938,12,26,2283419,$0.10,,,,,0,0,2283419,$0.10
Life,1939,1,2,2381889,$0.10,,,,,0,0,2381889,$0.10
Life,1939,1,9,2372312,$0.10,,,,,0,0,2372312,$0.10
Life,1939,1,16,2404252,$0.10,,,,,0,0,2404252,$0.10
Life,1939,1,23,2450521,$0.10,,,,,0,0,2450521,$0.10
Life,1939,1,30,2431849,$0.10,,,,,0,0,2431849,$0.10
Life,1939,2,6,2438156,$0.10,,,,,0,0,2438156,$0.10
Life,1939,2,13,2448443,$0.10,,,,,0,0,2448443,$0.10
Life,1939,2,20,2424462,$0.10,,,,,0,0,2424462,$0.10
Life,1939,2,27,2450877,$0.10,,,,,0,0,2450877,$0.10
Life,1939,3,6,2424905,$0.10,,,,,0,0,2424905,$0.10
Life,1939,3,13,2429387,$0.10,,,,,0,0,2429387,$0.10
Life,1939,3,20,2407369,$0.10,,,,,0,0,2407369,$0.10
Life,1939,3,27,2407280,$0.10,,,,,0,0,2407280,$0.10
Life,1939,4,3,2376141,$0.10,,,,,0,0,2376141,$0.10
Life,1939,4,10,2389540,$0.10,,,,,0,0,2389540,$0.10
Life,1939,4,17,2390746,$0.10,,,,,0,0,2390746,$0.10
Life,1939,4,24,2371684,$0.10,,,,,0,0,2371684,$0.10
Life,1939,5,1,2329070,$0.10,,,,,0,0,2329070,$0.10
Life,1939,5,8,2319383,$0.10,,,,,0,0,2319383,$0.10
Life,1939,5,15,2342876,$0.10,,,,,0,0,2342876,$0.10
Life,1939,5,22,2285180,$0.10,,,,,0,0,2285180,$0.10
Life,1939,5,29,2283023,$0.10,,,,,0,0,2283023,$0.10
Life,1939,6,5,2394098,$0.10,,,,,0,0,2394098,$0.10
Life,1939,6,12,2301072,$0.10,,,,,0,0,2301072,$0.10
Life,1939,6,19,2333580,$0.10,,,,,0,0,2333580,$0.10
Life,1939,6,26,2344465,$0.10,,,,,0,0,2344465,$0.10
Life,1939,7,3,2332561,$0.10,,,,,0,0,2332561,$0.10
Life,1939,7,10,2289420,$0.10,,,,,0,0,2289420,$0.10
Life,1939,7,17,2284332,$0.10,,,,,0,0,2284332,$0.10
Life,1939,7,24,2343318,$0.10,,,,,0,0,2343318,$0.10
Life,1939,7,31,2352507,$0.10,,,,,0,0,2352507,$0.10
Life,1939,8,7,2324206,$0.10,,,,,0,0,2324206,$0.10
Life,1939,8,14,2354895,$0.10,,,,,0,0,2354895,$0.10
Life,1939,8,21,2413254,$0.10,,,,,0,0,2413254,$0.10
Life,1939,8,28,2379910,$0.10,,,,,0,0,2379910,$0.10
Life,1939,9,4,2463038,$0.10,,,,,0,0,2463038,$0.10
Life,1939,9,11,2496219,$0.10,,,,,0,0,2496219,$0.10
Life,1939,9,18,2541402,$0.10,,,,,0,0,2541402,$0.10
Life,1939,9,25,2590638,$0.10,,,,,0,0,2590638,$0.10
Life,1939,10,2,2577098,$0.10,,,,,0,0,2577098,$0.10
Life,1939,10,9,2552500,$0.10,,,,,0,0,2552500,$0.10
Life,1939,10,16,2617371,$0.10,,,,,0,0,2617371,$0.10
Life,1939,10,23,2599732,$0.10,,,,,0,0,2599732,$0.10
Life,1939,10,30,2594573,$0.10,,,,,0,0,2594573,$0.10
Life,1939,11,6,2601306,$0.10,,,,,0,0,2601306,$0.10
Life,1939,11,13,2601672,$0.10,,,,,0,0,2601672,$0.10
Life,1939,11,20,2664300,$0.10,,,,,0,0,2664300,$0.10
Life,1939,11,27,2645004,$0.10,,,,,0,0,2645004,$0.10
Life,1939,12,4,2639701,$0.10,,,,,0,0,2639701,$0.10
Life,1939,12,11,2631094,$0.10,,,,,0,0,2631094,$0.10
Life,1939,12,18,2640159,$0.10,,,,,0,0,2640159,$0.10
Life,1939,12,25,2727215,$0.10,,,,,0,0,2727215,$0.10
Life,1940,1,1,2767722,$0.10,,,,,0,0,2767722,$0.10
Life,1940,1,8,2793417,$0.10,,,,,0,0,2793417,$0.10
Life,1940,1,15,2794378,$0.10,,,,,0,0,2794378,$0.10
Life,1940,1,22,2843150,$0.10,,,,,0,0,2843150,$0.10
Life,1940,1,29,2899367,$0.10,,,,,0,0,2899367,$0.10
Life,1940,2,5,2910480,$0.10,,,,,0,0,2910480,$0.10
Life,1940,2,12,2904959,$0.10,,,,,0,0,2904959,$0.10
Life,1940,2,19,2912889,$0.10,,,,,0,0,2912889,$0.10
Life,1940,2,26,2925315,$0.10,,,,,0,0,2925315,$0.10
Life,1940,3,4,2875334,$0.10,,,,,0,0,2875334,$0.10
Life,1940,3,11,2895685,$0.10,,,,,0,0,2895685,$0.10
Life,1940,3,18,2885811,$0.10,,,,,0,0,2885811,$0.10
Life,1940,3,25,2860714,$0.10,,,,,0,0,2860714,$0.10
Life,1940,4,1,2823622,$0.10,,,,,0,0,2823622,$0.10
Life,1940,4,8,2859165,$0.10,,,,,0,0,2859165,$0.10
Life,1940,4,15,2842451,$0.10,,,,,0,0,2842451,$0.10
Life,1940,4,22,2853699,$0.10,,,,,0,0,2853699,$0.10
Life,1940,4,29,2851844,$0.10,,,,,0,0,2851844,$0.10
Life,1940,5,6,2839982,$0.10,,,,,0,0,2839982,$0.10
Life,1940,5,13,2819457,$0.10,,,,,0,0,2819457,$0.10
Life,1940,5,20,2866808,$0.10,,,,,0,0,2866808,$0.10
Life,1940,5,27,2877623,$0.10,,,,,0,0,2877623,$0.10
Life,1940,6,3,2875978,$0.10,,,,,0,0,2875978,$0.10
Life,1940,6,10,2862509,$0.10,,,,,0,0,2862509,$0.10
Life,1940,6,17,2864656,$0.10,,,,,0,0,2864656,$0.10
Life,1940,6,24,2865593,$0.10,,,,,0,0,2865593,$0.10
Life,1940,7,1,2870770,$0.10,,,,,0,0,2870770,$0.10
Life,1940,7,8,2822763,$0.10,,,,,0,0,2822763,$0.10
Life,1940,7,15,2876899,$0.10,,,,,0,0,2876899,$0.10
Life,1940,7,22,2841545,$0.10,,,,,0,0,2841545,$0.10
Life,1940,7,29,2868946,$0.10,,,,,0,0,2868946,$0.10
Life,1940,8,5,2853057,$0.10,,,,,0,0,2853057,$0.10
Life,1940,8,12,2836153,$0.10,,,,,0,0,2836153,$0.10
Life,1940,8,19,2900245,$0.10,,,,,0,0,2900245,$0.10
Life,1940,8,26,2931882,$0.10,,,,,0,0,2931882,$0.10
Life,1940,9,2,2941047,$0.10,,,,,0,0,2941047,$0.10
Life,1940,9,9,2946833,$0.10,,,,,0,0,2946833,$0.10
Life,1940,9,16,2952312,$0.10,,,,,0,0,2952312,$0.10
Life,1940,9,23,2974014,$0.10,,,,,0,0,2974014,$0.10
Life,1940,9,30,2989099,$0.10,,,,,0,0,2989099,$0.10
Life,1940,10,7,3012838,$0.10,,,,,0,0,3012838,$0.10
Life,1940,10,14,3023658,$0.10,,,,,0,0,3023658,$0.10
Life,1940,10,21,3050042,$0.10,,,,,0,0,3050042,$0.10
Life,1940,10,28,3092254,$0.10,,,,,0,0,3092254,$0.10
Life,1940,11,4,3073284,$0.10,,,,,0,0,3073284,$0.10
Life,1940,11,11,3075579,$0.10,,,,,0,0,3075579,$0.10
Life,1940,11,18,3083982,$0.10,,,,,0,0,3083982,$0.10
Life,1940,11,25,3090852,$0.10,,,,,0,0,3090852,$0.10
Life,1940,12,2,3097184,$0.10,,,,,0,0,3097184,$0.10
Life,1940,12,9,3108043,$0.10,,,,,0,0,3108043,$0.10
Life,1940,12,16,3115628,$0.10,,,,,0,0,3115628,$0.10
Life,1940,12,23,3198694,$0.10,,,,,0,0,3198694,$0.10
Life,1940,12,30,3230397,$0.10,,,,,0,0,3230397,$0.10
Life,1941,1,3,3271815,$0.10,,,,,0,0,3271815,$0.10
Life,1941,1,6,3298767,$0.10,,,,,0,0,3298767,$0.10
Life,1941,1,13,3310913,$0.10,,,,,0,0,3310913,$0.10
Life,1941,1,20,3319724,$0.10,,,,,0,0,3319724,$0.10
Life,1941,1,27,3300004,$0.10,,,,,0,0,3300004,$0.10
Life,1941,2,10,3295558,$0.10,,,,,0,0,3295558,$0.10
Life,1941,2,17,3296484,$0.10,,,,,0,0,3296484,$0.10
Life,1941,2,24,3313679,$0.10,,,,,0,0,3313679,$0.10
Life,1941,3,3,3253746,$0.10,,,,,0,0,3253746,$0.10
Life,1941,3,10,3253615,$0.10,,,,,0,0,3253615,$0.10
Life,1941,3,17,3267005,$0.10,,,,,0,0,3267005,$0.10
Life,1941,3,24,3255498,$0.10,,,,,0,0,3255498,$0.10
Life,1941,3,31,3273591,$0.10,,,,,0,0,3273591,$0.10
Life,1941,4,7,3239993,$0.10,,,,,0,0,3239993,$0.10
Life,1941,4,14,3228692,$0.10,,,,,0,0,3228692,$0.10
Life,1941,4,21,3249924,$0.10,,,,,0,0,3249924,$0.10
Life,1941,4,28,3234983,$0.10,,,,,0,0,3234983,$0.10
Life,1941,5,5,3230727,$0.10,,,,,0,0,3230727,$0.10
Life,1941,5,12,3218619,$0.10,,,,,0,0,3218619,$0.10
Life,1941,5,19,3248881,$0.10,,,,,0,0,3248881,$0.10
Life,1941,5,26,3192695,$0.10,,,,,0,0,3192695,$0.10
Life,1941,6,2,3197433,$0.10,,,,,0,0,3197433,$0.10
Life,1941,6,9,3241968,$0.10,,,,,0,0,3241968,$0.10
Life,1941,6,16,3227188,$0.10,,,,,0,0,3227188,$0.10
Life,1941,6,23,3194439,$0.10,,,,,0,0,3194439,$0.10
Life,1941,6,30,3169717,$0.10,,,,,0,0,3169717,$0.10
Life,1941,7,7,3259191,$0.10,,,,,0,0,3259191,$0.10
Life,1941,7,14,3221814,$0.10,,,,,0,0,3221814,$0.10
Life,1941,7,21,3226011,$0.10,,,,,0,0,3226011,$0.10
Life,1941,7,28,3239920,$0.10,,,,,0,0,3239920,$0.10
Life,1941,8,4,3226846,$0.10,,,,,0,0,3226846,$0.10
Life,1941,8,11,3255332,$0.10,,,,,0,0,3255332,$0.10
Life,1941,8,18,3263154,$0.10,,,,,0,0,3263154,$0.10
Life,1941,8,25,3264791,$0.10,,,,,0,0,3264791,$0.10
Life,1941,9,1,3241746,$0.10,,,,,0,0,3241746,$0.10
Life,1941,9,8,3270420,$0.10,,,,,0,0,3270420,$0.10
Life,1941,9,15,3277080,$0.10,,,,,0,0,3277080,$0.10
Life,1941,9,22,3280749,$0.10,,,,,0,0,3280749,$0.10
Life,1941,9,29,3270034,$0.10,,,,,0,0,3270034,$0.10
Life,1941,10,6,3280690,$0.10,,,,,0,0,3280690,$0.10
Life,1941,10,13,3312301,$0.10,,,,,0,0,3312301,$0.10
Life,1941,10,20,3331345,$0.10,,,,,0,0,3331345,$0.10
Life,1941,10,27,3370507,$0.10,,,,,0,0,3370507,$0.10
Life,1941,11,3,3352128,$0.10,,,,,0,0,3352128,$0.10
Life,1941,11,10,3375373,$0.10,,,,,0,0,3375373,$0.10
Life,1941,11,17,3393851,$0.10,,,,,0,0,3393851,$0.10
Life,1941,11,24,3399300,$0.10,,,,,0,0,3399300,$0.10
Life,1941,12,1,3405159,$0.10,,,,,0,0,3405159,$0.10
Life,1941,12,8,3420177,$0.10,,,,,0,0,3420177,$0.10
Life,1941,12,15,3443802,$0.10,,,,,0,0,3443802,$0.10
Life,1941,12,22,3575292,$0.10,,,,,0,0,3575292,$0.10
Life,1941,12,29,3562280,$0.10,,,,,0,0,3562280,$0.10
Life,1942,1,5,3631801,$0.10,,,,,0,0,3631801,$0.10
Life,1942,1,12,3687876,$0.10,,,,,0,0,3687876,$0.10
Life,1942,1,19,3710603,$0.10,,,,,0,0,3710603,$0.10
Life,1942,1,26,3721690,$0.10,,,,,0,0,3721690,$0.10
Life,1942,2,2,3671568,$0.10,,,,,0,0,3671568,$0.10
Life,1942,2,9,3665057,$0.10,,,,,0,0,3665057,$0.10
Life,1942,2,16,3601038,$0.10,,,,,0,0,3601038,$0.10
Life,1942,2,23,3603252,$0.10,,,,,0,0,3603252,$0.10
Life,1942,3,2,3593934,$0.10,,,,,0,0,3593934,$0.10
Life,1942,3,9,3617094,$0.10,,,,,0,0,3617094,$0.10
Life,1942,3,16,3701733,$0.10,,,,,0,0,3701733,$0.10
Life,1942,3,23,3754501,$0.10,,,,,0,0,3754501,$0.10
Life,1942,3,30,3806272,$0.10,,,,,0,0,3806272,$0.10
Life,1942,4,6,3829577,$0.10,,,,,0,0,3829577,$0.10
Life,1942,4,13,3857219,$0.10,,,,,0,0,3857219,$0.10
Life,1942,4,20,3856727,$0.10,,,,,0,0,3856727,$0.10
Life,1942,4,27,3841856,$0.10,,,,,0,0,3841856,$0.10
Life,1942,5,4,3846639,$0.10,,,,,0,0,3846639,$0.10
Life,1942,5,11,3848052,$0.10,,,,,0,0,3848052,$0.10
Life,1942,5,18,3858957,$0.10,,,,,0,0,3858957,$0.10
Life,1942,5,25,3861650,$0.10,,,,,0,0,3861650,$0.10
Life,1942,6,1,3843331,$0.10,,,,,0,0,3843331,$0.10
Life,1942,6,8,3839415,$0.10,,,,,0,0,3839415,$0.10
Life,1942,6,15,3829481,$0.10,,,,,0,0,3829481,$0.10
Life,1942,6,22,3828688,$0.10,,,,,0,0,3828688,$0.10
Life,1942,6,29,3827575,$0.10,,,,,0,0,3827575,$0.10
Life,1942,7,6,3837627,$0.10,,,,,0,0,3837627,$0.10
Life,1942,7,13,3846920,$0.10,,,,,0,0,3846920,$0.10
Life,1942,7,20,3867342,$0.10,,,,,0,0,3867342,$0.10
Life,1942,7,27,3880010,$0.10,,,,,0,0,3880010,$0.10
Life,1942,8,3,3875036,$0.10,,,,,0,0,3875036,$0.10
Life,1942,8,10,3870833,$0.10,,,,,0,0,3870833,$0.10
Life,1942,8,17,3892635,$0.10,,,,,0,0,3892635,$0.10
Life,1942,8,24,3912000,$0.10,,,,,0,0,3912000,$0.10
Life,1942,8,31,3940376,$0.10,,,,,0,0,3940376,$0.10
Life,1942,9,7,3958025,$0.10,,,,,0,0,3958025,$0.10
Life,1942,9,14,3951986,$0.10,,,,,0,0,3951986,$0.10
Life,1942,9,21,3976126,$0.10,,,,,0,0,3976126,$0.10
Life,1942,9,28,3998166,$0.10,,,,,0,0,3976126,$0.10
Life,1942,10,5,4035449,$0.10,,,,,0,0,4035449,$0.10
Life,1942,10,12,4075677,$0.10,,,,,0,0,4075677,$0.10
Life,1942,10,19,4101279,$0.10,,,,,0,0,4101279,$0.10
Life,1942,10,26,4112545,$0.10,,,,,0,0,4112545,$0.10
Life,1942,11,2,4128380,$0.10,,,,,0,0,4128380,$0.10
Life,1942,11,9,4135539,$0.10,,,,,0,0,4135539,$0.10
Life,1942,11,16,4147065,$0.10,,,,,0,0,4147065,$0.10
Life,1942,11,23,4152883,$0.10,,,,,0,0,4152883,$0.10
Life,1942,11,30,4156098,$0.10,,,,,0,0,4156098,$0.10
Life,1942,12,7,4152801,$0.10,,,,,0,0,4152801,$0.10
Life,1942,12,14,4079961,$0.10,,,,,0,0,4079961,$0.10
Life,1942,12,21,3965616,$0.10,,,,,0,0,3965616,$0.10
Life,1942,12,28,3952664,$0.10,,,,,0,0,3952664,$0.10
Life,1943,1,4,4012413,$0.10,,,,,0,0,4012413,$0.10
Life,1943,1,11,4026812,$0.10,,,,,0,0,4026812,$0.10
Life,1943,1,18,4136751,$0.10,,,,,0,0,4136751,$0.10
Life,1943,1,25,4135739,$0.10,,,,,0,0,4135739,$0.10
Life,1943,2,1,3864138,$0.10,,,,,0,0,3864138,$0.10
Life,1943,2,8,3867331,$0.10,,,,,0,0,3867331,$0.10
Life,1943,2,15,3669346,$0.10,,,,,0,0,3669346,$0.10
Life,1943,2,22,3671124,$0.10,,,,,0,0,3671124,$0.10
Life,1943,3,1,3676294,$0.10,,,,,0,0,3676294,$0.10
Life,1943,3,8,3673113,$0.10,,,,,0,0,3673113,$0.10
Life,1943,3,15,3671378,$0.10,,,,,0,0,3671378,$0.10
Life,1943,3,22,3672217,$0.10,,,,,0,0,3672217,$0.10
Life,1943,3,29,3668068,$0.10,,,,,0,0,3668068,$0.10
Life,1943,4,5,3667943,$0.10,,,,,0,0,3667943,$0.10
Life,1943,4,12,3673264,$0.10,,,,,0,0,3673264,$0.10
Life,1943,4,19,3669951,$0.10,,,,,0,0,3669951,$0.10
Life,1943,4,26,3674164,$0.10,,,,,0,0,3674164,$0.10
Life,1943,5,3,3675589,$0.10,,,,,0,0,3675589,$0.10
Life,1943,5,10,3683019,$0.10,,,,,0,0,3683019,$0.10
Life,1943,5,17,3676542,$0.10,,,,,0,0,3676542,$0.10
Life,1943,5,24,3676428,$0.10,,,,,0,0,3676428,$0.10
Life,1943,5,31,3675104,$0.10,,,,,0,0,3675104,$0.10
Life,1943,6,7,3686906,$0.10,,,,,0,0,3686906,$0.10
Life,1943,6,14,3684916,$0.10,,,,,0,0,3684916,$0.10
Life,1943,6,21,3692100,$0.10,,,,,0,0,3692100,$0.10
Life,1943,6,28,3695638,$0.10,,,,,0,0,3695638,$0.10
Life,1943,7,5,3698509,$0.10,,,,,0,0,3698509,$0.10
Life,1943,7,12,3694066,$0.10,,,,,0,0,3694066,$0.10
Life,1943,7,19,3699322,$0.10,,,,,0,0,3699322,$0.10
Life,1943,7,26,3701431,$0.10,,,,,0,0,3701431,$0.10
Life,1943,8,2,3695325,$0.10,,,,,0,0,3695325,$0.10
Life,1943,8,9,3736465,$0.10,,,,,0,0,3736465,$0.10
Life,1943,8,16,3758745,$0.10,,,,,0,0,3758745,$0.10
Life,1943,8,23,3799957,$0.10,,,,,0,0,3799957,$0.10
Life,1943,8,30,3833466,$0.10,,,,,0,0,3833466,$0.10
Life,1943,9,6,3827582,$0.10,,,,,0,0,3827582,$0.10
Life,1943,9,13,3864035,$0.10,,,,,0,0,3864035,$0.10
Life,1943,9,20,3866595,$0.10,,,,,0,0,3866595,$0.10
Life,1943,9,27,3871802,$0.10,,,,,0,0,3871802,$0.10
Life,1943,10,4,3883516,$0.10,,,,,0,0,3883516,$0.10
Life,1943,10,11,3844418,$0.10,,,,,0,0,3844418,$0.10
Life,1943,10,18,3858526,$0.10,,,,,0,0,3858526,$0.10
Life,1943,10,25,3870658,$0.10,,,,,0,0,3870658,$0.10
Life,1943,11,1,3909675,$0.10,,,,,0,0,3909675,$0.10
Life,1943,11,8,3921265,$0.10,,,,,0,0,3921265,$0.10
Life,1943,11,15,3930117,$0.10,,,,,0,0,3930117,$0.10
Life,1943,11,22,3949619,$0.10,,,,,0,0,3949619,$0.10
Life,1943,11,29,3961696,$0.10,,,,,0,0,3961696,$0.10
Life,1943,12,6,3957280,$0.10,,,,,0,0,3957280,$0.10
Life,1943,12,13,3941598,$0.10,,,,,0,0,3941598,$0.10
Life,1943,12,20,3949801,$0.10,,,,,0,0,3949801,$0.10
Life,1943,12,27,3962023,$0.10,,,,,0,0,3962023,$0.10
Life,1944,1,3,3921867,$0.10,,,,,0,0,3921867,$0.10
Life,1944,1,10,3925505,$0.10,,,,,0,0,3925505,$0.10
Life,1944,1,17,3943511,$0.10,,,,,0,0,3943511,$0.10
Life,1944,1,24,3976605,$0.10,,,,,0,0,3976605,$0.10
Life,1944,1,31,3991501,$0.10,,,,,0,0,3991501,$0.10
Life,1944,2,7,4040760,$0.10,,,,,0,0,4040760,$0.10
Life,1944,2,14,4051727,$0.10,,,,,0,0,4051727,$0.10
Life,1944,2,21,4097075,$0.10,,,,,0,0,4097075,$0.10
Life,1944,2,28,4117719,$0.10,,,,,0,0,4117719,$0.10
Life,1944,3,6,4142580,$0.10,,,,,0,0,4142580,$0.10
Life,1944,3,13,4149128,$0.10,,,,,0,0,4149128,$0.10
Life,1944,3,20,4147022,$0.10,,,,,0,0,4147022,$0.10
Life,1944,3,27,4190836,$0.10,,,,,0,0,4190836,$0.10
Life,1944,4,3,4167000,$0.10,,,,,0,0,4167000,$0.10
Life,1944,4,10,4177367,$0.10,,,,,0,0,4177367,$0.10
Life,1944,4,17,4112318,$0.10,,,,,0,0,4112318,$0.10
Life,1944,4,24,4126571,$0.10,,,,,0,0,4126571,$0.10
Life,1944,5,1,4074358,$0.10,,,,,0,0,4074358,$0.10
Life,1944,5,8,4073221,$0.10,,,,,0,0,4073221,$0.10
Life,1944,5,15,4080736,$0.10,,,,,0,0,4080736,$0.10
Life,1944,5,22,4043850,$0.10,,,,,0,0,4043850,$0.10
Life,1944,5,29,3969318,$0.10,,,,,0,0,3969318,$0.10
Life,1944,6,5,3882078,$0.10,,,,,0,0,3882078,$0.10
Life,1944,6,12,3876681,$0.10,,,,,0,0,3876681,$0.10
Life,1944,6,19,3880726,$0.10,,,,,0,0,3880726,$0.10
Life,1944,6,26,3887722,$0.10,,,,,0,0,3887722,$0.10
Life,1944,7,3,,$0.10,,,,,0,0,-1,$0.10
Life,1944,7,10,,$0.10,,,,,0,0,-1,$0.10
Life,1944,7,17,,$0.10,,,,,0,0,-1,$0.10
Life,1944,7,24,,$0.10,,,,,0,0,-1,$0.10
Life,1944,7,31,,$0.10,,,,,0,0,-1,$0.10
Life,1944,8,7,,$0.10,,,,,0,0,-1,$0.10
Life,1944,8,14,,$0.10,,,,,0,0,-1,$0.10
Life,1944,8,21,,$0.10,,,,,0,0,-1,$0.10
Life,1944,8,28,,$0.10,,,,,0,0,-1,$0.10
Life,1944,9,4,,$0.10,,,,,0,0,-1,$0.10
Life,1944,9,11,,$0.10,,,,,0,0,-1,$0.10
Life,1944,9,18,,$0.10,,,,,0,0,-1,$0.10
Life,1944,9,25,,$0.10,,,,,0,0,-1,$0.10
Life,1944,10,2,,$0.10,,,,,0,0,-1,$0.10
Life,1944,10,9,,$0.10,,,,,0,0,-1,$0.10
Life,1944,10,16,,$0.10,,,,,0,0,-1,$0.10
Life,1944,10,23,,$0.10,,,,,0,0,-1,$0.10
Life,1944,10,30,,$0.10,,,,,0,0,-1,$0.10
Life,1944,11,6,,$0.10,,,,,0,0,-1,$0.10
Life,1944,11,13,,$0.10,,,,,0,0,-1,$0.10
Life,1944,11,20,,$0.10,,,,,0,0,-1,$0.10
Life,1944,11,27,,$0.10,,,,,0,0,-1,$0.10
Life,1944,12,4,,$0.10,,,,,0,0,-1,$0.10
Life,1944,12,11,,$0.10,,,,,0,0,-1,$0.10
Life,1944,12,18,,$0.10,,,,,0,0,-1,$0.10
Life,1944,12,25,,$0.10,,,,,0,0,-1,$0.10
Life,1945,1,1,3856321,$0.10,,,,,0,0,3856321,$0.10
Life,1945,1,8,3815682,$0.10,,,,,0,0,3815682,$0.10
Life,1945,1,15,3871261,$0.10,,,,,0,0,3871261,$0.10
Life,1945,1,22,3899564,$0.10,,,,,0,0,3899564,$0.10
Life,1945,1,29,3906009,$0.10,,,,,0,0,3906009,$0.10
Life,1945,2,5,3849361,$0.10,,,,,0,0,3849361,$0.10
Life,1945,2,12,3992277,$0.10,,,,,0,0,3992277,$0.10
Life,1945,2,19,3906311,$0.10,,,,,0,0,3906311,$0.10
Life,1945,2,26,3920471,$0.10,,,,,0,0,3920471,$0.10
Life,1945,3,5,3990686,$0.10,,,,,0,0,3990686,$0.10
Life,1945,3,12,3992996,$0.10,,,,,0,0,3992996,$0.10
Life,1945,3,19,3827940,$0.10,,,,,0,0,3827940,$0.10
Life,1945,3,26,3838598,$0.10,,,,,0,0,3838598,$0.10
Life,1945,4,2,3877023,$0.10,,,,,0,0,3877023,$0.10
Life,1945,4,9,3896956,$0.10,,,,,0,0,3877023,$0.10
Life,1945,4,16,3911861,$0.10,,,,,0,0,3911861,$0.10
Life,1945,4,23,3930162,$0.10,,,,,0,0,3930162,$0.10
Life,1945,4,30,3957930,$0.10,,,,,0,0,3957930,$0.10
Life,1945,5,7,4016241,$0.10,,,,,0,0,4016241,$0.10
Life,1945,5,14,4012487,$0.10,,,,,0,0,4012487,$0.10
Life,1945,5,21,4020664,$0.10,,,,,0,0,4020664,$0.10
Life,1945,5,28,4047056,$0.10,,,,,0,0,4047056,$0.10
Life,1945,6,4,4116273,$0.10,,,,,0,0,4116273,$0.10
Life,1945,6,11,2831572,$0.10,,,,,0,0,2831572,$0.10
Life,1945,6,18,3643134,$0.10,,,,,0,0,3643134,$0.10
Life,1945,6,25,3637420,$0.10,,,,,0,0,3637420,$0.10
Life,1945,7,2,3633425,$0.10,,,,,0,0,3633425,$0.10
Life,1945,7,9,3633425,$0.10,,,,,0,0,3633425,$0.10
Life,1945,7,16,3641744,$0.10,,,,,0,0,3641744,$0.10
Life,1945,7,23,3648369,$0.10,,,,,0,0,3648369,$0.10
Life,1945,7,30,3742144,$0.10,,,,,0,0,3742144,$0.10
Life,1945,8,6,3781577,$0.10,,,,,0,0,3781577,$0.10
Life,1945,8,13,3910315,$0.10,,,,,0,0,3910315,$0.10
Life,1945,8,20,3898197,$0.10,,,,,0,0,3898197,$0.10
Life,1945,8,27,3997556,$0.10,,,,,0,0,3997556,$0.10
Life,1945,9,3,4078359,$0.10,,,,,0,0,4078359,$0.10
Life,1945,9,10,4065824,$0.10,,,,,0,0,4065824,$0.10
Life,1945,9,17,4074844,$0.10,,,,,0,0,4074844,$0.10
Life,1945,9,24,4070426,$0.10,,,,,0,0,4070426,$0.10
Life,1945,10,1,4177408,$0.10,,,,,0,0,4177408,$0.10
Life,1945,10,8,4171297,$0.10,,,,,0,0,4171297,$0.10
Life,1945,10,15,4194765,$0.10,,,,,0,0,4194765,$0.10
Life,1945,10,22,4220322,$0.10,,,,,0,0,4220322,$0.10
Life,1945,10,29,4237913,$0.10,,,,,0,0,4237913,$0.10
Life,1945,11,5,4255680,$0.10,,,,,0,0,4255680,$0.10
Life,1945,11,12,4252960,$0.10,,,,,0,0,4252960,$0.10
Life,1945,11,19,4382117,$0.10,,,,,0,0,4382117,$0.10
Life,1945,11,26,4424564,$0.10,,,,,0,0,4424564,$0.10
Life,1945,12,3,4351007,$0.10,,,,,0,0,4351007,$0.10
Life,1945,12,10,4406904,$0.10,,,,,0,0,4406904,$0.10
Life,1945,12,17,4380522,$0.10,,,,,0,0,4380522,$0.10
Life,1945,12,24,4412523,$0.10,,,,,0,0,4412523,$0.10
Life,1945,12,31,4369978,$0.10,,,,,0,0,4369978,$0.10
Life,1946,1,7,4455441,$0.10,,,,,0,0,4455441,$0.10
Life,1946,1,14,4458956,$0.10,,,,,0,0,4458956,$0.10
Life,1946,1,21,4483556,$0.10,,,,,0,0,4483556,$0.10
Life,1946,1,28,4508278,$0.10,,,,,0,0,4508278,$0.10
Life,1946,2,4,4636755,$0.10,,,,,0,0,4636755,$0.10
Life,1946,2,11,4615277,$0.10,,,,,0,0,4615277,$0.10
Life,1946,2,18,4649038,$0.10,,,,,0,0,4649038,$0.10
Life,1946,2,25,4652462,$0.10,,,,,0,0,4652462,$0.10
Life,1946,3,4,4747992,$0.10,,,,,0,0,4747992,$0.10
Life,1946,3,11,4824345,$0.10,,,,,0,0,4824345,$0.10
Life,1946,3,18,4821522,$0.10,,,,,0,0,4821522,$0.10
Life,1946,3,25,4885255,$0.10,,,,,0,0,4885255,$0.10
Life,1946,4,1,4874687,$0.10,,,,,0,0,4874687,$0.10
Life,1946,4,8,4859133,$0.10,,,,,0,0,4859133,$0.10
Life,1946,4,15,4862681,$0.10,,,,,0,0,4862681,$0.10
Life,1946,4,22,7452656,$0.10,,,,,0,0,7452656,$0.10
Life,1946,4,29,4771610,$0.10,,,,,0,0,4771610,$0.10
Life,1946,5,6,4864152,$0.10,,,,,0,0,4864152,$0.10
Life,1946,5,13,4500636,$0.10,,,,,0,0,4500636,$0.10
Life,1946,5,20,4557648,$0.10,,,,,0,0,4557648,$0.10
Life,1946,5,27,4704138,$0.10,,,,,0,0,4704138,$0.10
Life,1946,6,3,4702516,$0.10,,,,,0,0,4702516,$0.10
Life,1946,6,10,4673118,$0.10,,,,,0,0,4673118,$0.10
Life,1946,6,17,4814927,$0.15,,,,,0,0,4814927,$0.15
Life,1946,6,24,4825423,$0.15,,,,,0,0,4825423,$0.15
Life,1946,7,1,4848565,$0.15,,,,,0,0,4848565,$0.15
Life,1946,7,8,4844890,$0.15,,,,,0,0,4844890,$0.15
Life,1946,7,15,4860183,$0.15,,,,,0,0,4860183,$0.15
Life,1946,7,22,4847721,$0.15,,,,,0,0,4847721,$0.15
Life,1946,7,29,4880038,$0.15,,,,,0,0,4880038,$0.15
Life,1946,8,5,4827743,$0.15,,,,,0,0,4827743,$0.15
Life,1946,8,12,4844445,$0.15,,,,,0,0,4844445,$0.15
Life,1946,8,19,4939614,$0.15,,,,,0,0,4939614,$0.15
Life,1946,8,26,5042611,$0.15,,,,,0,0,5042611,$0.15
Life,1946,9,2,5145329,$0.15,,,,,0,0,5145329,$0.15
Life,1946,9,9,5154770,$0.15,,,,,0,0,5154770,$0.15
Life,1946,9,16,5201735,$0.15,,,,,0,0,5201735,$0.15
Life,1946,9,23,5212705,$0.15,,,,,0,0,5212705,$0.15
Life,1946,9,30,5221238,$0.15,,,,,0,0,5221238,$0.15
Life,1946,10,7,5368014,$0.15,,,,,0,0,5368014,$0.15
Life,1946,10,14,5346479,$0.15,,,,,0,0,5346479,$0.15
Life,1946,10,21,5368381,$0.15,,,,,0,0,5368381,$0.15
Life,1946,10,28,5367817,$0.15,,,,,0,0,5367817,$0.15
Life,1946,11,4,5398508,$0.15,,,,,0,0,5398508,$0.15
Life,1946,11,11,5375437,$0.15,,,,,0,0,5375437,$0.15
Life,1946,11,18,5389831,$0.15,,,,,0,0,5389831,$0.15
Life,1946,11,25,5410569,$0.15,,,,,0,0,5410569,$0.15
Life,1946,12,2,5390643,$0.15,,,,,0,0,5390643,$0.15
Life,1946,12,9,5394125,$0.15,,,,,0,0,5394125,$0.15
Life,1946,12,16,5349582,$0.15,,,,,0,0,5349582,$0.15
Life,1946,12,23,5387981,$0.15,,,,,0,0,5387981,$0.15
Life,1946,12,30,5401539,$0.15,,,,,0,0,5401539,$0.15
Life,1947,1,6,5375009,$0.15,,,,,0,0,5375009,$0.15
Life,1947,1,13,5391397,$0.15,,,,,0,0,5391397,$0.15
Life,1947,1,20,5448503,$0.15,,,,,0,0,5448503,$0.15
Life,1947,1,27,5486669,$0.15,,,,,0,0,5486669,$0.15
Life,1947,2,3,5516490,$0.15,,,,,0,0,5516490,$0.15
Life,1947,2,10,5503209,$0.15,,,,,0,0,5503209,$0.15
Life,1947,2,17,5352696,$0.15,,,,,0,0,5352696,$0.15
Life,1947,2,24,5382413,$0.15,,,,,0,0,5382413,$0.15
Life,1947,3,3,5364789,$0.15,,,,,0,0,5364789,$0.15
Life,1947,3,10,5353349,$0.15,,,,,0,0,5353349,$0.15
Life,1947,3,17,5372576,$0.15,,,,,0,0,5372576,$0.15
Life,1947,3,24,5380999,$0.15,,,,,0,0,5380999,$0.15
Life,1947,3,31,5405885,$0.15,,,,,0,0,5405885,$0.15
Life,1947,4,7,5315525,$0.15,,,,,0,0,5315525,$0.15
Life,1947,4,14,5310209,$0.15,,,,,0,0,5310209,$0.15
Life,1947,4,21,5317419,$0.15,,,,,0,0,5317419,$0.15
Life,1947,4,28,5325975,$0.15,,,,,0,0,5325975,$0.15
Life,1947,5,5,5287689,$0.15,,,,,0,0,5287689,$0.15
Life,1947,5,12,5264860,$0.15,,,,,0,0,5264860,$0.15
Life,1947,5,19,5285021,$0.15,,,,,0,0,5285021,$0.15
Life,1947,5,26,5300319,$0.15,,,,,0,0,5300319,$0.15
Life,1947,6,2,5276008,$0.15,,,,,0,0,5276008,$0.15
Life,1947,6,9,5277753,$0.15,,,,,0,0,5277753,$0.15
Life,1947,6,16,5291649,$0.15,,,,,0,0,5291649,$0.15
Life,1947,6,23,5287392,$0.15,,,,,0,0,5287392,$0.15
Life,1947,6,30,5300774,$0.15,,,,,0,0,5300774,$0.15
Life,1947,7,7,5276047,$0.15,,,,,0,0,5276047,$0.15
Life,1947,7,14,5306733,$0.15,,,,,0,0,5306733,$0.15
Life,1947,7,21,5311620,$0.15,,,,,0,0,5311620,$0.15
Life,1947,7,28,5333696,$0.15,,,,,0,0,5333696,$0.15
Life,1947,8,4,5273529,$0.15,,,,,0,0,5273529,$0.15
Life,1947,8,11,5342032,$0.15,,,,,0,0,5342032,$0.15
Life,1947,8,18,5335671,$0.15,,,,,0,0,5335671,$0.15
Life,1947,8,25,5354624,$0.15,,,,,0,0,5354624,$0.15
Life,1947,9,1,5374862,$0.15,,,,,0,0,5374862,$0.15
Life,1947,9,8,5362131,$0.15,,,,,0,0,5362131,$0.15
Life,1947,9,15,5387655,$0.15,,,,,0,0,5387655,$0.15
Life,1947,9,22,5419683,$0.15,,,,,0,0,5419683,$0.15
Life,1947,9,29,5418345,$0.15,,,,,0,0,5418345,$0.15
Life,1947,10,6,5380008,$0.15,,,,,0,0,5380008,$0.15
Life,1947,10,13,5398738,$0.15,,,,,0,0,5398738,$0.15
Life,1947,10,20,5386340,$0.15,,,,,0,0,5386340,$0.15
Life,1947,10,27,5383174,$0.15,,,,,0,0,5383174,$0.15
Life,1947,11,3,5419841,$0.15,,,,,0,0,5419841,$0.15
Life,1947,11,10,5426798,$0.15,,,,,0,0,5426798,$0.15
Life,1947,11,17,5437097,$0.15,,,,,0,0,5437097,$0.15
Life,1947,11,24,5445310,$0.15,,,,,0,0,5445310,$0.15
Life,1947,12,1,5466539,$0.15,,,,,0,0,5466539,$0.15
Life,1947,12,8,5465078,$0.15,,,,,0,0,5465078,$0.15
Life,1947,12,15,5459353,$0.15,,,,,0,0,5459353,$0.15
Life,1947,12,22,5430312,$0.15,,,,,0,0,5430312,$0.15
Life,1947,12,29,5434537,$0.15,,,,,0,0,5434537,$0.15
Life,1948,1,5,5595667,$0.15,,,,,0,0,5595667,$0.15
Life,1948,1,12,5536303,$0.15,,,,,0,0,5536303,$0.15
Life,1948,1,19,5537900,$0.15,,,,,0,0,5537900,$0.15
Life,1948,1,26,5574917,$0.15,,,,,0,0,5574917,$0.15
Life,1948,2,2,5560466,$0.15,,,,,0,0,5560466,$0.15
Life,1948,2,9,5494780,$0.15,,,,,0,0,5494780,$0.15
Life,1948,2,16,5397606,$0.15,,,,,0,0,5397606,$0.15
Life,1948,2,23,5437527,$0.15,,,,,0,0,5437527,$0.15
Life,1948,3,1,5387801,$0.15,,,,,0,0,5387801,$0.15
Life,1948,3,8,5374071,$0.15,,,,,0,0,5374071,$0.15
Life,1948,3,15,5385425,$0.15,,,,,0,0,5385425,$0.15
Life,1948,3,22,5407226,$0.15,,,,,0,0,5407226,$0.15
Life,1948,3,29,5435735,$0.15,,,,,0,0,5435735,$0.15
Life,1948,4,5,5381120,$0.15,,,,,0,0,5381120,$0.15
Life,1948,4,12,5372814,$0.15,,,,,0,0,5372814,$0.15
Life,1948,4,19,5471694,$0.15,,,,,0,0,5471694,$0.15
Life,1948,4,26,5470726,$0.15,,,,,0,0,5470726,$0.15
Life,1948,5,3,5469499,$0.20,,,,,0,0,5469499,$0.20
Life,1948,5,10,5411725,$0.20,,,,,0,0,5411725,$0.20
Life,1948,5,17,5466554,$0.20,,,,,0,0,5466554,$0.20
Life,1948,5,24,5425972,$0.20,,,,,0,0,5425972,$0.20
Life,1948,5,31,5412644,$0.20,,,,,0,0,5412644,$0.20
Life,1948,6,7,5426842,$0.20,,,,,0,0,5426842,$0.20
Life,1948,6,14,5423355,$0.20,,,,,0,0,5423355,$0.20
Life,1948,6,21,5388530,$0.20,,,,,0,0,5388530,$0.20
Life,1948,6,28,5351411,$0.20,,,,,0,0,5351411,$0.20
Life,1948,7,5,5394269,$0.20,,,,,0,0,5394269,$0.20
Life,1948,7,12,5372212,$0.20,,,,,0,0,5372212,$0.20
Life,1948,7,19,5427797,$0.20,,,,,0,0,5427797,$0.20
Life,1948,7,26,5270985,$0.20,,,,,0,0,5270985,$0.20
Life,1948,8,2,5256489,$0.20,,,,,0,0,5256489,$0.20
Life,1948,8,9,5337807,$0.20,,,,,0,0,5337807,$0.20
Life,1948,8,16,5311745,$0.20,,,,,0,0,5311745,$0.20
Life,1948,8,23,5329960,$0.20,,,,,0,0,5329960,$0.20
Life,1948,8,30,5301129,$0.20,,,,,0,0,5301129,$0.20
Life,1948,9,6,5299279,$0.20,,,,,0,0,5299279,$0.20
Life,1948,9,13,5299553,$0.20,,,,,0,0,5299553,$0.20
Life,1948,9,20,5343449,$0.20,,,,,0,0,5343449,$0.20
Life,1948,9,27,5289538,$0.20,,,,,0,0,5289538,$0.20
Life,1948,10,4,5269809,$0.20,,,,,0,0,5269809,$0.20
Life,1948,10,11,5293009,$0.20,,,,,0,0,5293009,$0.20
Life,1948,10,18,5275837,$0.20,,,,,0,0,5275837,$0.20
Life,1948,10,25,5298902,$0.20,,,,,0,0,5298902,$0.20
Life,1948,11,1,5263925,$0.20,,,,,0,0,5263925,$0.20
Life,1948,11,8,5328134,$0.20,,,,,0,0,5328134,$0.20
Life,1948,11,15,5352336,$0.20,,,,,0,0,5352336,$0.20
Life,1948,11,22,5349658,$0.20,,,,,0,0,5349658,$0.20
Life,1948,11,29,5333029,$0.20,,,,,0,0,5333029,$0.20
Life,1948,12,6,5268113,$0.20,,,,,0,0,5268113,$0.20
Life,1948,12,13,5353001,$0.20,,,,,0,0,5353001,$0.20
Life,1948,12,20,5291634,$0.20,,,,,0,0,5291634,$0.20
Life,1948,12,27,5250947,$0.20,,,,,0,0,5250947,$0.20
Life,1949,1,3,5372986,$0.20,,,,,0,0,5372986,$0.20
Life,1949,1,10,5367206,$0.20,,,,,0,0,5367206,$0.20
Life,1949,1,17,5396865,$0.20,,,,,0,0,5396865,$0.20
Life,1949,1,24,5372752,$0.20,,,,,0,0,5372752,$0.20
Life,1949,1,31,5427508,$0.20,,,,,0,0,5427508,$0.20
Life,1949,2,7,5344113,$0.20,,,,,0,0,5344113,$0.20
Life,1949,2,14,5374422,$0.20,,,,,0,0,5374422,$0.20
Life,1949,2,21,5356516,$0.20,,,,,0,0,5356516,$0.20
Life,1949,2,28,5392166,$0.20,,,,,0,0,5392166,$0.20
Life,1949,3,7,5413353,$0.20,,,,,0,0,5413353,$0.20
Life,1949,3,14,5422449,$0.20,,,,,0,0,5422449,$0.20
Life,1949,3,21,5435901,$0.20,,,,,0,0,5435901,$0.20
Life,1949,3,28,5498965,$0.20,,,,,0,0,5498965,$0.20
Life,1949,4,4,5367391,$0.20,,,,,0,0,5367391,$0.20
Life,1949,4,11,5354592,$0.20,,,,,0,0,5354592,$0.20
Life,1949,4,18,5334365,$0.20,,,,,0,0,5334365,$0.20
Life,1949,4,25,5319224,$0.20,,,,,0,0,5319224,$0.20
Life,1949,5,2,5216322,$0.20,,,,,0,0,5216322,$0.20
Life,1949,5,9,5223522,$0.20,,,,,0,0,5223522,$0.20
Life,1949,5,16,5270404,$0.20,,,,,0,0,5270404,$0.20
Life,1949,5,23,5296245,$0.20,,,,,0,0,5296245,$0.20
Life,1949,5,30,5267117,$0.20,,,,,0,0,5267117,$0.20
Life,1949,6,6,5310248,$0.20,,,,,0,0,5310248,$0.20
Life,1949,6,13,5297779,$0.20,,,,,0,0,5297779,$0.20
Life,1949,6,20,5210144,$0.20,,,,,0,0,5210144,$0.20
Life,1949,6,27,5239728,$0.20,,,,,0,0,5239728,$0.20
Life,1949,7,4,5296872,$0.20,,,,,0,0,5296872,$0.20
Life,1949,7,11,5195986,$0.20,,,,,0,0,5195986,$0.20
Life,1949,7,18,5306106,$0.20,,,,,0,0,5306106,$0.20
Life,1949,7,25,5228650,$0.20,,,,,0,0,5228650,$0.20
Life,1949,8,1,5271353,$0.20,,,,,0,0,5271353,$0.20
Life,1949,8,8,5263599,$0.20,,,,,0,0,5263599,$0.20
Life,1949,8,15,5378158,$0.20,,,,,0,0,5378158,$0.20
Life,1949,8,22,5326578,$0.20,,,,,0,0,5326578,$0.20
Life,1949,8,29,5257738,$0.20,,,,,0,0,5257738,$0.20
Life,1949,9,5,5339658,$0.20,,,,,0,0,5339658,$0.20
Life,1949,9,12,5349542,$0.20,,,,,0,0,5349542,$0.20
Life,1949,9,19,5415325,$0.20,,,,,0,0,5415325,$0.20
Life,1949,9,26,5347951,$0.20,,,,,0,0,5347951,$0.20
Life,1949,10,3,5251861,$0.20,,,,,0,0,5251861,$0.20
Life,1949,10,10,5237746,$0.20,,,,,0,0,5237746,$0.20
Life,1949,10,17,5335938,$0.20,,,,,0,0,5335938,$0.20
Life,1949,10,24,5321608,$0.20,,,,,0,0,5321608,$0.20
Life,1949,10,31,5266802,$0.20,,,,,0,0,5268488,$0.20
Life,1949,11,7,5268488,$0.20,,,,,0,0,5268488,$0.20
Life,1949,11,14,5304695,$0.20,,,,,0,0,5304695,$0.20
Life,1949,11,21,5309694,$0.20,,,,,0,0,5309694,$0.20
Life,1949,11,28,5351220,$0.20,,,,,0,0,5351220,$0.20
Life,1949,12,5,5379090,$0.20,,,,,0,0,5379090,$0.20
Life,1949,12,12,5295502,$0.20,,,,,0,0,5295502,$0.20
Life,1949,12,19,5261084,$0.20,,,,,0,0,5261084,$0.20
Life,1949,12,26,5378993,$0.20,,,,,0,0,5378993,$0.20
Life,1950,1,2,5537074,$0.20,,,,,0,0,5537074,$0.20
Life,1950,1,9,5393722,$0.20,,,,,0,0,5393722,$0.20
Life,1950,1,16,5401206,$0.20,,,,,0,0,5401206,$0.20
Life,1950,1,23,5436084,$0.20,,,,,0,0,5436084,$0.20
Life,1950,1,30,5548447,$0.20,,,,,0,0,5548447,$0.20
Life,1950,2,6,5395821,$0.20,,,,,0,0,5395821,$0.20
Life,1950,2,13,5377580,$0.20,,,,,0,0,5377580,$0.20
Life,1950,2,20,5335006,$0.20,,,,,0,0,5335006,$0.20
Life,1950,2,27,5398070,$0.20,,,,,0,0,5398070,$0.20
Life,1950,3,6,5244680,$0.20,,,,,0,0,5244680,$0.20
Life,1950,3,13,5248732,$0.20,,,,,0,0,5248732,$0.20
Life,1950,3,20,5247265,$0.20,,,,,0,0,5247265,$0.20
Life,1950,3,27,5330817,$0.20,,,,,0,0,5330817,$0.20
Life,1950,4,3,5206665,$0.20,,,,,0,0,5206665,$0.20
Life,1950,4,10,5190242,$0.20,,,,,0,0,5190242,$0.20
Life,1950,4,17,5257704,$0.20,,,,,0,0,5257704,$0.20
Life,1950,4,24,5221292,$0.20,,,,,0,0,5221292,$0.20
Life,1950,5,1,5300186,$0.20,,,,,0,0,5300186,$0.20
Life,1950,5,8,5322233,$0.20,,,,,0,0,5322233,$0.20
Life,1950,5,15,5322796,$0.20,,,,,0,0,5322796,$0.20
Life,1950,5,22,5527118,$0.20,,,,,0,0,5527118,$0.20
Life,1950,5,29,5481304,$0.20,,,,,0,0,5481304,$0.20
Life,1950,6,5,5485503,$0.20,,,,,0,0,5485503,$0.20
Life,1950,6,12,5481181,$0.20,,,,,0,0,5481181,$0.20
Life,1950,6,19,5412693,$0.20,,,,,0,0,5412693,$0.20
Life,1950,6,26,5375312,$0.20,,,,,0,0,5375312,$0.20
Life,1950,7,3,5339615,$0.20,,,,,0,0,5339615,$0.20
Life,1950,7,10,5382231,$0.20,,,,,0,0,5382231,$0.20
Life,1950,7,17,5490731,$0.20,,,,,0,0,5490731,$0.20
Life,1950,7,24,5276766,$0.20,,,,,0,0,5276766,$0.20
Life,1950,7,31,5500928,$0.20,,,,,0,0,5500928,$0.20
Life,1950,8,7,5222573,$0.20,,,,,0,0,5222573,$0.20
Life,1950,8,14,5323030,$0.20,,,,,0,0,5323030,$0.20
Life,1950,8,21,5379205,$0.20,,,,,0,0,5379205,$0.20
Life,1950,8,28,5274565,$0.20,,,,,0,0,5274565,$0.20
Life,1950,9,4,5440786,$0.20,,,,,0,0,5440786,$0.20
Life,1950,9,11,5429731,$0.20,,,,,0,0,5429731,$0.20
Life,1950,9,18,5333079,$0.20,,,,,0,0,5333079,$0.20
Life,1950,9,25,5258744,$0.20,,,,,0,0,5258744,$0.20
Life,1950,10,2,5219059,$0.20,,,,,0,0,5219059,$0.20
Life,1950,10,9,5348969,$0.20,,,,,0,0,5348969,$0.20
Life,1950,10,16,5455998,$0.20,,,,,0,0,5455998,$0.20
Life,1950,10,23,5231363,$0.20,,,,,0,0,5231363,$0.20
Life,1950,10,30,5266589,$0.20,,,,,0,0,5266589,$0.20
Life,1950,11,6,5209630,$0.20,,,,,0,0,5209630,$0.20
Life,1950,11,13,5221495,$0.20,,,,,0,0,5221495,$0.20
Life,1950,11,20,5328383,$0.20,,,,,0,0,5328383,$0.20
Life,1950,11,27,5230258,$0.20,,,,,0,0,5230258,$0.20
Life,1950,12,4,5296793,$0.20,,,,,0,0,5296793,$0.20
Life,1950,12,11,5274931,$0.20,,,,,0,0,5274931,$0.20
Life,1950,12,18,5180810,$0.20,,,,,0,0,5180810,$0.20
Life,1950,12,25,5301625,$0.20,,,,,0,0,5301625,$0.20
Life,1951,1,1,5287561,$0.20,,,,,0,0,5287561,$0.20
Life,1951,1,8,5329320,$0.20,,,,,0,0,5329320,$0.20
Life,1951,1,15,5317791,$0.20,,,,,0,0,5317791,$0.20
Life,1951,1,22,5268441,$0.20,,,,,0,0,5268441,$0.20
Life,1951,1,29,5293699,$0.20,,,,,0,0,5293699,$0.20
Life,1951,2,5,5229037,$0.20,,,,,0,0,5229037,$0.20
Life,1951,2,12,5301522,$0.20,,,,,0,0,5301522,$0.20
Life,1951,2,19,5341862,$0.20,,,,,0,0,5341862,$0.20
Life,1951,2,26,5360199,$0.20,,,,,0,0,5360199,$0.20
Life,1951,3,5,5221437,$0.20,,,,,0,0,5221437,$0.20
Life,1951,3,12,5246582,$0.20,,,,,0,0,5246582,$0.20
Life,1951,3,19,5321992,$0.20,,,,,0,0,5321992,$0.20
Life,1951,3,26,5190554,$0.20,,,,,0,0,5190554,$0.20
Life,1951,4,2,5255693,$0.20,,,,,0,0,5255693,$0.20
Life,1951,4,9,5359721,$0.20,,,,,0,0,5359721,$0.20
Life,1951,4,16,5357504,$0.20,,,,,0,0,5357504,$0.20
Life,1951,4,23,5406671,$0.20,,,,,0,0,5406671,$0.20
Life,1951,4,30,5338649,$0.20,,,,,0,0,5338649,$0.20
Life,1951,5,7,5272472,$0.20,,,,,0,0,5272472,$0.20
Life,1951,5,14,5232666,$0.20,,,,,0,0,5232666,$0.20
Life,1951,5,21,5262134,$0.20,,,,,0,0,5262134,$0.20
Life,1951,5,28,5248665,$0.20,,,,,0,0,5248665,$0.20
Life,1951,6,4,5280487,$0.20,,,,,0,0,5280487,$0.20
Life,1951,6,11,5366347,$0.20,,,,,0,0,5366347,$0.20
Life,1951,6,18,5380223,$0.20,,,,,0,0,5380223,$0.20
Life,1951,6,25,5363378,$0.20,,,,,0,0,5363378,$0.20
Life,1951,7,2,5276825,$0.20,,,,,0,0,5276825,$0.20
Life,1951,7,9,5201982,$0.20,,,,,0,0,5201982,$0.20
Life,1951,7,16,5447839,$0.20,,,,,0,0,5447839,$0.20
Life,1951,7,23,5225148,$0.20,,,,,0,0,5225148,$0.20
Life,1951,7,30,5298820,$0.20,,,,,0,0,5298820,$0.20
Life,1951,8,6,5258754,$0.20,,,,,0,0,5258754,$0.20
Life,1951,8,13,5375796,$0.20,,,,,0,0,5375796,$0.20
Life,1951,8,20,5310429,$0.20,,,,,0,0,5310429,$0.20
Life,1951,8,27,5353501,$0.20,,,,,0,0,5353501,$0.20
Life,1951,9,3,5406281,$0.20,,,,,0,0,5406281,$0.20
Life,1951,9,10,5283925,$0.20,,,,,0,0,5283925,$0.20
Life,1951,9,17,5428410,$0.20,,,,,0,0,5428410,$0.20
Life,1951,9,24,5324790,$0.20,,,,,0,0,5324790,$0.20
Life,1951,10,1,5257593,$0.20,,,,,0,0,5257593,$0.20
Life,1951,10,8,5207108,$0.20,,,,,0,0,5207108,$0.20
Life,1951,10,15,5293846,$0.20,,,,,0,0,5293846,$0.20
Life,1951,10,22,5318236,$0.20,,,,,0,0,5318236,$0.20
Life,1951,10,29,5257164,$0.20,,,,,0,0,5257164,$0.20
Life,1951,11,5,5317785,$0.20,,,,,0,0,5317785,$0.20
Life,1951,11,12,5213137,$0.20,,,,,0,0,5213137,$0.20
Life,1951,11,19,5272536,$0.20,,,,,0,0,5272536,$0.20
Life,1951,11,26,5212620,$0.20,,,,,0,0,5212620,$0.20
Life,1951,12,3,5353353,$0.20,,,,,0,0,5353353,$0.20
Life,1951,12,10,5279191,$0.20,,,,,0,0,5279191,$0.20
Life,1951,12,17,5216477,$0.20,,,,,0,0,5216477,$0.20
Life,1951,12,24,5239202,$0.20,,,,,0,0,5239202,$0.20
Life,1951,12,31,5378953,$0.20,,,,,0,0,5378953,$0.20
Life,1952,1,7,5229123,$0.20,,,,,0,0,5229123,$0.20
Life,1952,1,14,5202473,$0.20,,,,,0,0,5202473,$0.20
Life,1952,1,21,5236816,$0.20,,,,,0,0,5236816,$0.20
Life,1952,1,28,5336934,$0.20,,,,,0,0,5336934,$0.20
Life,1952,2,4,5366749,$0.20,,,,,0,0,5366749,$0.20
Life,1952,2,11,5305874,$0.20,,,,,0,0,5305874,$0.20
Life,1952,2,18,5353980,$0.20,,,,,0,0,5353980,$0.20
Life,1952,2,25,5440117,$0.20,,,,,0,0,5440117,$0.20
Life,1952,3,3,5270709,$0.20,,,,,0,0,5270709,$0.20
Life,1952,3,10,5276193,$0.20,,,,,0,0,5276193,$0.20
Life,1952,3,17,5471319,$0.20,,,,,0,0,5471319,$0.20
Life,1952,3,24,5366158,$0.20,,,,,0,0,5366158,$0.20
Life,1952,3,31,5530045,$0.20,,,,,0,0,5530045,$0.20
Life,1952,4,7,5570986,$0.20,,,,,0,0,5570986,$0.20
Life,1952,4,14,5416593,$0.20,,,,,0,0,5416593,$0.20
Life,1952,4,21,5320041,$0.20,,,,,0,0,5320041,$0.20
Life,1952,4,28,5279196,$0.20,,,,,0,0,5279196,$0.20
Life,1952,5,5,5327893,$0.20,,,,,0,0,5327893,$0.20
Life,1952,5,12,5305738,$0.20,,,,,0,0,5305738,$0.20
Life,1952,5,19,5407826,$0.20,,,,,0,0,5407826,$0.20
Life,1952,5,26,5316691,$0.20,,,,,0,0,5316691,$0.20
Life,1952,6,2,5242630,$0.20,,,,,0,0,5242630,$0.20
Life,1952,6,9,5223366,$0.20,,,,,0,0,5223366,$0.20
Life,1952,6,16,5245033,$0.20,,,,,0,0,5245033,$0.20
Life,1952,6,23,5364429,$0.20,,,,,0,0,5364429,$0.20
Life,1952,6,30,5239763,$0.20,,,,,0,0,5239763,$0.20
Life,1952,7,7,,$0.20,,,,,0,0,-1,$0.20
Life,1952,7,14,,$0.20,,,,,0,0,-1,$0.20
Life,1952,7,21,,$0.20,,,,,0,0,-1,$0.20
Life,1952,7,28,,$0.20,,,,,0,0,-1,$0.20
Life,1952,8,4,,$0.20,,,,,0,0,-1,$0.20
Life,1952,8,11,,$0.20,,,,,0,0,-1,$0.20
Life,1952,8,18,,$0.20,,,,,0,0,-1,$0.20
Life,1952,8,25,,$0.20,,,,,0,0,-1,$0.20
Life,1952,9,1,,$0.20,,,,,0,0,-1,$0.20
Life,1952,9,8,,$0.20,,,,,0,0,-1,$0.20
Life,1952,9,15,,$0.20,,,,,0,0,-1,$0.20
Life,1952,9,22,,$0.20,,,,,0,0,-1,$0.20
Life,1952,9,29,,$0.20,,,,,0,0,-1,$0.20
Life,1952,10,6,,$0.20,,,,,0,0,-1,$0.20
Life,1952,10,13,,$0.20,,,,,0,0,-1,$0.20
Life,1952,10,20,,$0.20,,,,,0,0,-1,$0.20
Life,1952,10,27,,$0.20,,,,,0,0,-1,$0.20
Life,1952,11,3,,$0.20,,,,,0,0,-1,$0.20
Life,1952,11,10,,$0.20,,,,,0,0,-1,$0.20
Life,1952,11,17,,$0.20,,,,,0,0,-1,$0.20
Life,1952,11,24,,$0.20,,,,,0,0,-1,$0.20
Life,1952,12,1,,$0.20,,,,,0,0,-1,$0.20
Life,1952,12,8,,$0.20,,,,,0,0,-1,$0.20
Life,1952,12,15,,$0.20,,,,,0,0,-1,$0.20
Life,1952,12,22,,$0.20,,,,,0,0,-1,$0.20
Life,1952,12,29,,$0.20,,,,,0,0,-1,$0.20
Life,1953,1,5,5382813,$0.20,,,,,0,0,5382813,$0.20
Life,1953,1,12,5288110,$0.20,,,,,0,0,5288110,$0.20
Life,1953,1,19,5219357,$0.20,,,,,0,0,5219357,$0.20
Life,1953,1,26,5303023,$0.20,,,,,0,0,5303023,$0.20
Life,1953,2,2,5479714,$0.20,,,,,0,0,5479714,$0.20
Life,1953,2,9,5640675,$0.20,,,,,0,0,5640675,$0.20
Life,1953,2,16,5415506,$0.20,,,,,0,0,5415506,$0.20
Life,1953,2,23,5416106,$0.20,,,,,0,0,5416106,$0.20
Life,1953,3,2,5248219,$0.20,,,,,0,0,5248219,$0.20
Life,1953,3,9,5247054,$0.20,,,,,0,0,5247054,$0.20
Life,1953,3,16,5536418,$0.20,,,,,0,0,5536418,$0.20
Life,1953,3,23,5410604,$0.20,,,,,0,0,5410604,$0.20
Life,1953,3,30,5353866,$0.20,,,,,0,0,5353866,$0.20
Life,1953,4,6,5612952,$0.20,,,,,0,0,5612952,$0.20
Life,1953,4,13,5637939,$0.20,,,,,0,0,5637939,$0.20
Life,1953,4,20,5463185,$0.20,,,,,0,0,5463185,$0.20
Life,1953,4,27,5487139,$0.20,,,,,0,0,5487139,$0.20
Life,1953,5,4,5723588,$0.20,,,,,0,0,5723588,$0.20
Life,1953,5,11,5499909,$0.20,,,,,0,0,5499909,$0.20
Life,1953,5,18,5474228,$0.20,,,,,0,0,5474228,$0.20
Life,1953,5,25,5601201,$0.20,,,,,0,0,5601201,$0.20
Life,1953,6,1,5497778,$0.20,,,,,0,0,5497778,$0.20
Life,1953,6,8,5516705,$0.20,,,,,0,0,5516705,$0.20
Life,1953,6,15,5644034,$0.20,,,,,0,0,5644034,$0.20
Life,1953,6,22,5346745,$0.20,,,,,0,0,5346745,$0.20
Life,1953,6,29,5519212,$0.20,,,,,0,0,5519212,$0.20
Life,1953,7,6,5515832,$0.20,,,,,0,0,5515832,$0.20
Life,1953,7,13,5545894,$0.20,,,,,0,0,5545894,$0.20
Life,1953,7,20,5409950,$0.20,,,,,0,0,5409950,$0.20
Life,1953,7,27,5373068,$0.20,,,,,0,0,5373068,$0.20
Life,1953,8,3,5340096,$0.20,,,,,0,0,5340096,$0.20
Life,1953,8,10,5378515,$0.20,,,,,0,0,5378515,$0.20
Life,1953,8,17,5476142,$0.20,,,,,0,0,5476142,$0.20
Life,1953,8,24,5519801,$0.20,,,,,0,0,5519801,$0.20
Life,1953,8,31,5381655,$0.20,,,,,0,0,5381655,$0.20
Life,1953,9,7,5577518,$0.20,,,,,0,0,5577518,$0.20
Life,1953,9,14,5369428,$0.20,,,,,0,0,5369428,$0.20
Life,1953,9,21,5275343,$0.20,,,,,0,0,5275343,$0.20
Life,1953,9,28,5294997,$0.20,,,,,0,0,5294997,$0.20
Life,1953,10,5,5319801,$0.20,,,,,0,0,5319801,$0.20
Life,1953,10,12,5351614,$0.20,,,,,0,0,5351614,$0.20
Life,1953,10,19,5635387,$0.20,,,,,0,0,5635387,$0.20
Life,1953,10,26,5397163,$0.20,,,,,0,0,5397163,$0.20
Life,1953,11,2,5428790,$0.20,,,,,0,0,5428790,$0.20
Life,1953,11,9,5532368,$0.20,,,,,0,0,5532368,$0.20
Life,1953,11,16,5594961,$0.20,,,,,0,0,5594961,$0.20
Life,1953,11,23,5610166,$0.20,,,,,0,0,5610166,$0.20
Life,1953,11,30,5737694,$0.20,,,,,0,0,5737694,$0.20
Life,1953,12,7,5688464,$0.20,,,,,0,0,5688464,$0.20
Life,1953,12,14,5512811,$0.20,,,,,0,0,5512811,$0.20
Life,1953,12,21,5520015,$0.20,,,,,0,0,5520015,$0.20
Life,1953,12,28,5499609,$0.20,,,,,0,0,5499609,$0.20
Life,1954,1,4,5656977,$0.20,,,,,0,0,5656977,$0.20
Life,1954,1,11,5628592,$0.20,,,,,0,0,5628592,$0.20
Life,1954,1,18,5571939,$0.20,,,,,0,0,5571939,$0.20
Life,1954,1,25,5616639,$0.20,,,,,0,0,5616639,$0.20
Life,1954,2,1,5552166,$0.20,,,,,0,0,5552166,$0.20
Life,1954,2,8,5733126,$0.20,,,,,0,0,5733126,$0.20
Life,1954,2,15,5545783,$0.20,,,,,0,0,5545783,$0.20
Life,1954,2,22,5569426,$0.20,,,,,0,0,5569426,$0.20
Life,1954,3,1,5582129,$0.20,,,,,0,0,5582129,$0.20
Life,1954,3,8,5621473,$0.20,,,,,0,0,5621473,$0.20
Life,1954,3,15,5677489,$0.20,,,,,0,0,5677489,$0.20
Life,1954,3,22,5624473,$0.20,,,,,0,0,5624473,$0.20
Life,1954,3,29,5599018,$0.20,,,,,0,0,5599018,$0.20
Life,1954,4,5,5746506,$0.20,,,,,0,0,5746506,$0.20
Life,1954,4,12,5656779,$0.20,,,,,0,0,5656779,$0.20
Life,1954,4,19,5596538,$0.20,,,,,0,0,5596538,$0.20
Life,1954,4,26,5528410,$0.20,,,,,0,0,5528410,$0.20
Life,1954,5,3,5649291,$0.20,,,,,0,0,5649291,$0.20
Life,1954,5,10,5773611,$0.20,,,,,0,0,5773611,$0.20
Life,1954,5,17,5597110,$0.20,,,,,0,0,5597110,$0.20
Life,1954,5,24,5523646,$0.20,,,,,0,0,5523646,$0.20
Life,1954,5,31,5551701,$0.20,,,,,0,0,5551701,$0.20
Life,1954,6,7,5693513,$0.20,,,,,0,0,5693513,$0.20
Life,1954,6,14,5542865,$0.20,,,,,0,0,5542865,$0.20
Life,1954,6,21,5598317,$0.20,,,,,0,0,5598317,$0.20
Life,1954,6,28,5554445,$0.20,,,,,0,0,5554445,$0.20
Life,1954,7,5,,$0.20,,,,,0,0,-1,$0.20
Life,1954,7,12,,$0.20,,,,,0,0,-1,$0.20
Life,1954,7,19,,$0.20,,,,,0,0,-1,$0.20
Life,1954,7,26,,$0.20,,,,,0,0,-1,$0.20
Life,1954,8,2,,$0.20,,,,,0,0,-1,$0.20
Life,1954,8,9,,$0.20,,,,,0,0,-1,$0.20
Life,1954,8,16,,$0.20,,,,,0,0,-1,$0.20
Life,1954,8,23,,$0.20,,,,,0,0,-1,$0.20
Life,1954,8,30,,$0.20,,,,,0,0,-1,$0.20
Life,1954,9,6,,$0.20,,,,,0,0,-1,$0.20
Life,1954,9,13,,$0.20,,,,,0,0,-1,$0.20
Life,1954,9,20,,$0.20,,,,,0,0,-1,$0.20
Life,1954,9,27,,$0.20,,,,,0,0,-1,$0.20
Life,1954,10,4,,$0.20,,,,,0,0,-1,$0.20
Life,1954,10,11,,$0.20,,,,,0,0,-1,$0.20
Life,1954,10,18,,$0.20,,,,,0,0,-1,$0.20
Life,1954,10,25,,$0.20,,,,,0,0,-1,$0.20
Life,1954,11,1,,$0.20,,,,,0,0,-1,$0.20
Life,1954,11,8,,$0.20,,,,,0,0,-1,$0.20
Life,1954,11,15,,$0.20,,,,,0,0,-1,$0.20
Life,1954,11,22,,$0.20,,,,,0,0,-1,$0.20
Life,1954,11,29,,$0.20,,,,,0,0,-1,$0.20
Life,1954,12,6,,$0.20,,,,,0,0,-1,$0.20
Life,1954,12,13,,$0.20,,,,,0,0,-1,$0.20
Life,1954,12,20,,$0.20,,,,,0,0,-1,$0.20
Life,1954,12,27,,$0.20,,,,,0,0,-1,$0.20
Life,1955,1,3,5461946,$0.20,,,,,0,0,5461946,$0.20
Life,1955,1,10,5553905,$0.20,,,,,0,0,5553905,$0.20
Life,1955,1,17,5684016,$0.20,,,,,0,0,5684016,$0.20
Life,1955,1,24,5684863,$0.20,,,,,0,0,5684863,$0.20
Life,1955,1,31,5615753,$0.20,,,,,0,0,5615753,$0.20
Life,1955,2,7,5741343,$0.20,,,,,0,0,5741343,$0.20
Life,1955,2,14,5614078,$0.20,,,,,0,0,5614078,$0.20
Life,1955,2,21,5616929,$0.20,,,,,0,0,5616929,$0.20
Life,1955,2,28,5549415,$0.20,,,,,0,0,5549415,$0.20
Life,1955,3,7,5737954,$0.20,,,,,0,0,5737954,$0.20
Life,1955,3,14,5789115,$0.20,,,,,0,0,5789115,$0.20
Life,1955,3,21,5837420,$0.20,,,,,0,0,5837420,$0.20
Life,1955,3,28,5622024,$0.20,,,,,0,0,5622024,$0.20
Life,1955,4,4,5687136,$0.20,,,,,0,0,5687136,$0.20
Life,1955,4,11,5702570,$0.20,,,,,0,0,5702570,$0.20
Life,1955,4,18,5658138,$0.20,,,,,0,0,5658138,$0.20
Life,1955,4,25,5636170,$0.20,,,,,0,0,5636170,$0.20
Life,1955,5,2,5527326,$0.20,,,,,0,0,5527326,$0.20
Life,1955,5,9,5668582,$0.20,,,,,0,0,5668582,$0.20
Life,1955,5,16,5618799,$0.20,,,,,0,0,5618799,$0.20
Life,1955,5,23,5591811,$0.20,,,,,0,0,5591811,$0.20
Life,1955,5,30,5567229,$0.20,,,,,0,0,5567229,$0.20
Life,1955,6,6,5624438,$0.20,,,,,0,0,5624438,$0.20
Life,1955,6,13,5853071,$0.20,,,,,0,0,5853071,$0.20
Life,1955,6,20,5695830,$0.20,,,,,0,0,5695830,$0.20
Life,1955,6,27,5702440,$0.20,,,,,0,0,5702440,$0.20
Life,1955,7,4,5430686,$0.20,,,,,0,0,5430686,$0.20
Life,1955,7,11,5476201,$0.20,,,,,0,0,5476201,$0.20
Life,1955,7,18,5488715,$0.20,,,,,0,0,5488715,$0.20
Life,1955,7,25,5517064,$0.20,,,,,0,0,5517064,$0.20
Life,1955,8,1,5469348,$0.20,,,,,0,0,5469348,$0.20
Life,1955,8,8,5530428,$0.20,,,,,0,0,5530428,$0.20
Life,1955,8,15,5655129,$0.20,,,,,0,0,5655129,$0.20
Life,1955,8,22,5580912,$0.20,,,,,0,0,5580912,$0.20
Life,1955,8,29,5551336,$0.20,,,,,0,0,5551336,$0.20
Life,1955,9,5,5535789,$0.20,,,,,0,0,5535789,$0.20
Life,1955,9,12,5523896,$0.20,,,,,0,0,5523896,$0.20
Life,1955,9,19,5575929,$0.20,,,,,0,0,5575929,$0.20
Life,1955,9,26,5639694,$0.20,,,,,0,0,5639694,$0.20
Life,1955,10,3,5520076,$0.20,,,,,0,0,5520076,$0.20
Life,1955,10,10,5529312,$0.20,,,,,0,0,5529312,$0.20
Life,1955,10,17,5563965,$0.20,,,,,0,0,5563965,$0.20
Life,1955,10,24,5535003,$0.20,,,,,0,0,5535003,$0.20
Life,1955,10,31,5490978,$0.20,,,,,0,0,5490978,$0.20
Life,1955,11,7,5687396,$0.20,,,,,0,0,5687396,$0.20
Life,1955,11,14,5528003,$0.20,,,,,0,0,5528003,$0.20
Life,1955,11,21,5495197,$0.20,,,,,0,0,5495197,$0.20
Life,1955,11,28,5484459,$0.20,,,,,0,0,5484459,$0.20
Life,1955,12,5,5518534,$0.20,,,,,0,0,5518534,$0.20
Life,1955,12,12,5685374,$0.20,,,,,0,0,5685374,$0.20
Life,1955,12,19,5448979,$0.20,,,,,0,0,5448979,$0.20
Life,1955,12,26,5896759,$0.35,,,,,0,0,5896759,$0.35